hash,malware_family,source
01c47b5968afdc923ec354bc78cfeb490d3733f8dab819eb610a6678e3d24fdb,AgentTesla,abuse_ch
02114391e08d4e5e5f201dfc840af578b93f344e6a7edfd3632799ab353a4a88,AgentTesla,adrian__luca
02bfaf905d0982dc223aa84d9d0fb12ff84250f8befbb636b478f135867476ec,AgentTesla,adrian__luca
03fd8790dd182915e617edd7273911a0bf068ad55c83bcf042771975cd6cb85c,AgentTesla,adrian__luca
052b69a9f018e39d1a7a69c0a7c6a5dd7963300486c28374d1ecd79399e52197,Gozi,JAMESWT_WT
08039481f17de1a125763d6dadc9a91615fa027ad42a4f42d886b94063a94822,Emotet,Cryptolaemus1
080672b68abf1f03ace8f820214e8fe1efd2b9d84e03f79658b0351e78c8aa1c,Heodo,TeamDreier
0a34ca695a121a9757c72fc0b78101eefba974896da6913d87c2a0575d15bc9f,IcedID,abuse_ch
0b8682fe1ee1d9a8ad485452179e9c8651c682660591077e0fb7077e89af81bd,Emotet,zbetcheckin
0cad204b7b1977deedab017724f427459c001618f6566015ccde93a52dd8f470,AgentTesla,Vip5676
0cfcd3719293674e15cfdc5670268d92b6e179cf1b9d25c668d78d10450663bc,AgentTesla,adrian__luca
0e70671889e441e9926c6a731ce722797526a7ebf785d4c8cd5fa6ae671c8924,Emotet,Victas
0ff83c37f9a4581457831ecbe06fa4907cc6ab864e9e0597f55cd1fc9f2a1fd3,AgentTesla,cocaman
10a713df3a815221a0a3a82b1a400c983db8788a02764d3cc02202c54d01a7ba,AgentTesla,adrian__luca
183c72638416f3649f30da841ff7a88d29f6cf22f393db7a96407e939b9c6647,AgentTesla,adrian__luca
18bdc6654a91219d11b56059df0aa5bdce67e8db3faade250c5d40dba9cf0e9b,AgentTesla,adrian__luca
1966fd6de34896a888f9477cf500cd15360e7c7b423727461f1143681b68bfc1,AgentTesla,adrian__luca
1a6c985d39f74dd51d215804227b08c912d884d864d1dd487ad4c6ee0826cce5,AgentTesla,adrian__luca
1abd799ba4bfee25737243568ae048c0b50f1892b41d7e0f7b3c3af8410babde,Heodo,JAMESWT_WT
1f2f0fcf6f0870dd3ad85410d6a94a840c9ab5d89a003288ec5c77aae0a0d5f4,WikiLoader,pr0xylife
22a1315d09e163782edf1fe15c4d1de97c4c960538020872a5ba9b806b4cb0be,AgentTesla,adrian__luca
2586d4d0fb6798a84320492847b839815b787970c9f279acf1d1436780c40a3a,TrickBot,anonymous
268d8d0773f374ca2115ea390f21c9f8b35b3f26b6a5785597260ff6b7ec8f8e,RedLineStealer,pgiavaroto
2874f19d385565b1c5d5e630163aef1d87280af5de2cba4a583ab683768df1f4,Emotet,zbetcheckin
2912c0b2d23f13bbb1cf8410e65cc6649513325b3ea27af0c926648556ae1c4f,AgentTesla,adrian__luca
297659c9c082dc0a4b302a2d13189c9f85b5795c79ca3526cbce006b29cb1690,AgentTesla,adrian__luca
2cde3134c396d62c8bf6909c30685ad6b9dee9ce6cd6a5aace7f952252c1bef9,AgentTesla,cocaman
2eabb43086cb08d8bc852aeef8b71f6805ee050f51de63c84a9a03f92de3635a,all_7_families,ankit_anubhav
2f62581d385038278e1979535773d6143f03e8f09572e644cefd6b5d6e571af5,AgentTesla,adrian__luca
339d09a73181fe54bc53b60e1133fc8a344b4a2174296fc5a80a4c5de47fa2ad,Loki,adrian__luca
377d60cd60f12500b9441db24aafbdfa4d9ee82e7c89ddd679e1a962b1119249,all_7_families,JAMESWT_WT
38812a89fadd630ef909720c4b5437769769eb643e9a6e2bbb8d964ffa41cb4d,GoziGozi,NIXLovesCooper
392a7193b12c6795fb239cff20c5310e1b3b4a3a24538b17d94870a97441cfe8,Loki,threatcat_ch
396e6e07928abd8a61b6cca0fd3b7cd09cf303c3211ec1333fc820159de8c42c,Emotet,jstrosch
39b544bd9338d4f01de2998d00ef6a56a4613001cda5289b8294049d9d8933fc,Heodo,JAMESWT_WT
3b63193b80192cb258d434e8e9ad61f221c25c6603a6c92fc6ccee5c18f7dfd7,Emotet,anonymous
3d9c975f79b08957f18c83aead4d31e37ee1939046f9f7b946ef8516293aa1f2,Tinba,hR0m454
3e2603ea152285901054c1c981a605ea909d112960a3020d2a20baf921d6dc78,AgentTesla,adrian__luca
3ea76059e7a7c8562249727bcc3c9644e9d22888f2cfe2967b60ae3cb366bed3,AgentTesla,adrian__luca
3f93bbbd31f1ca5627326b08e3fdffeed857a43e0800fb2e0503065adf42be30,Dridex,zbetcheckin
405c61f58771683f3c8091373a7ed4012885a09407300913aec1d8121b624f78,TrickBot,SecuriteInfoCom
410c7d29d10c93d12fc6c703048638e5462a0323ba929f05dc3a1f0f5c6341db,AgentTesla,adrian__luca
412cbc3fdc5a421bccb74b2b0a11e6c058019ee17400dcc57f27dea117fe475f,AgentTesla,adrian__luca
417ea7dfbd978d363746278088a7f3ed22d864d381ebdc6a7403b5003230e9da,AgentTesla,adrian__luca
41eb7384174f26a3e485574f75ae001a13301243849be3f6f840c70a166516a2,Loki,abuse_ch
42122a70abbf6b402febfb0a8ae1ccda5b1ef2d50216fa116f1821b42edae042,Adware.PushWare,NIXLovesCooper
435e34ae36e41d9bc0bc9ae051ef42c21721a826daa55d243eec6c007b8bcb35,TrickBot,zbetcheckin
45ec0c961ac727193f8220e347e3556e1df23581e78951f9ebe6ca5d6b074680,AgentTesla,adrian__luca
46a2cf127f00f21832a65d0a7a15b0192176472f5c0e8fe1e1f9e5fd9790fa11,AgentTesla,adrian__luca
4a9458d2d8263fd903455772a0f25754dfd384552cf03ef4b35987db89928f7f,AgentTesla,adrian__luca
4fb203958dc23dba23634f6f5356931bfc221e22bed0a184cd73153fca697a51,Heodo,atomiczsec
50a91256ad1710681ad272b85b6eca0c4ada089ef954b4f48e18e188c482fc59,AgentTesla,adrian__luca
552f648155ab5a6898cb59c0e31095baa986db5753537a6a9cf0bec65edfd937,AgentTesla,adrian__luca
55c2b8273385d3a14d5fbcca6209a31a040238c656b7f45f217469f412d4e28c,TrickBot,abuse_ch
579bd737d21c98e0b59436ef8d2254042f45792931fb7f4de0e1f8a8c45572e3,Gozi,JAMESWT_WT
58ccf7d9f56255fb11548d73f67dc42621e3dccd2e9ec215930d52ec238ed5ef,AgentTesla,adrian__luca
58d4bc9689c2a09045653e7437363523b4e67221088ee7a0d46b0a7c918c2077,RedLineStealer,JAMESWT_WT
599b97ad43c789d30621973ec9918cf56eab903c384de5aa00329c79e29991cb,AgentTesla,adrian__luca
5d4ad6640ec2846c1dfb439108cfad160beb850a541ec00980c20fc36e0944dc,Emotet,SecuriteInfoCom
5d53d190c150a8f0efb04cdfd9f607d0cd30452eb1c9e5b59a97d137dd47ecb5,AgentTesla,burger403
5eadbfcfb7a040f56436004dc093cb57f766f17777544efa1d7457fbc21b62b4,AgentTesla,adrian__luca
5f283f6f7bd9737242c66a4224ad55e92217c0f11f551eab5cadb7e2d55e196a,AgentTesla,adrian__luca
6712500bb0de148a99ec940160d3d61850e2ce3803adca8f39e9fa8621b8ea6f,Dridex,OSimao
68bd5e4a0955b5d2b89751532443e0c42ae2974d6fe9000fd4ae058a66e7240f,Loki,threatcat_ch
68d60ea2de32a82a0e8675af68237a5184bd242ea3dc2593aef598bfa546eca5,Dridex,SecuriteInfoCom
6a3e2eecb7f7f464c57a7159570d2d55c6893839be852af898089550265f5dfc,Loki,smica83
6bdbcee2804eb7f3007fe8c0396944619a7652b4bd0149c4edd7d8a11aa4bbb4,Heodo,SecuriteInfoCom
6c2e18b9aa7f01958119a714c897dcfc3aa60cc41566ab87aa1d2625ddd24a8a,AgentTesla,adrian__luca
6d487dffb68cd5ba6d6f03383b00c3c942ce8bebc8ef3bdd10ddf240bd532f2f,all_7_families,JAMESWT_WT
6d4960e1b1f543b20c3d41d69ba71571297a080eaa410da13a7185ebec103ba6,AgentTesla,adrian__luca
72547090c1f7cd27f3c33256d3c09c403d0eb0fc30088e9f6e86408df5201b29,AgentTesla,adrian__luca
7329669d8afc510a838f43ca91821e5b01c157fb397f1f347490b4e028bbf6eb,TrickBot,abuse_ch
7553c451f8bc7159aaf5afcc364090428f512068a0b68701ffc31e8e11c31502,TrickBot,cocaman
7665e793186c3c83ec2c2c69adaee5e81ec60d395d8714921352296a5ab88ae6,Gozi,anonymous
77a24a5a4801064f65a1d9304b56de86d05b782944eccf99041855e3784acd79,AgentTesla,adrian__luca
787e18600498236c2f6b7691188f1b229a6329df6f17d6cfd21ea389fe20ba2c,AgentTesla,adrian__luca
793bb50abf7f51d0046aec79693626b4fba882cb0a67ed12b1a41be03c4eab77,AgentTesla,adrian__luca
7d82104c8f7ee68dcc8d14cccd87f5414e8de08f252f4667482a75edda76926a,all_7_families,malware_traffic
7db604bd255978f51ad2143f335451744c4e1534469b31f65a0eb55a108db157,Adware.PushWare,NIXLovesCooper
7f29f1dac72cfbf27f3537bec5b6cedc10f90f2b6b0cdaa503983f43d3bcf1d5,AgentTesla,adrian__luca
7fb4c95a329b24e6ab6742747cf896ae5125599548d38388fcb887b3fb871339,Dridex,JAMESWT_WT
818c482b0d6be6f5c9449c76d79edf4e038fe639267b2da83675e0c5b723cea7,Gozi,JAMESWT_WT
81ba69e44d1af39e49ee1f0443799b84b7914b62e7224833a296fda3e6a24db1,AgentTesla,cocaman
81e30919462fe3f085edf1b2629ac952e9f42c077116ff853ece3325b0c62eb1,AgentTesla,adrian__luca
82d5f91916f787a3c6bdcdcb49c1f6295f3ac57a8fde8a7cd4f0f34a93b9b541,AgentTesla,adrian__luca
854c4b3bd8e4d044ed26941615c5c607dcffe0ba39d92b62313b7c6aafae2a89,all_7_families,malware_traffic
85f233bd23fe1401604eb321db1533d2c49780d3e7f57b9dfa3b6740ba1ce3c2,AgentTesla,adrian__luca
861da3f3f8dc9740abff5b3d07d82c52d4b38698d5d42f04d7f481cf25de650c,AgentTesla,adrian__luca
891403591d4738917f75065dd7500ab87eead7efb9d6ada3ff8922de11c740e0,RedLineStealer,JAMESWT_WT
8bc293957dc7682c4e0d265a34af321e71c533e41c93ee31e5d8cd5a23be9e7d,AgentTesla,adrian__luca
8e7ea1546b86935573d6ebcb6017b10557cedf8bc168243fdfcecf84b02f15d3,AgentTesla,adrian__luca
8f8abfa6717ad2043a295d16b5aeeac3e7084b7994f6eec8351e18a9a3c59997,Gamaredon,e24111111154168
915cd680a2253acc535668333c7147e97683c9a877b8b71c6256591ff42a2997,AgentTesla,adrian__luca
950b70275be0e0e65400c897e0ccffcad5d080403ba3a0525134b8ad21bb9b35,AgentTesla,cocaman
97565e05b015972c9b22a7b55d9e68c6f8d0bc90693731cfc1c925a127611800,AgentTesla,adrian__luca
98b9bd9da1ad5c48dc82f3c7152494217823514b5fc6d5b8e53b9b5a8dec5f7a,Heodo,UkyKnight
98f8aa235cf07d4e6fe52c1ad88fd6fcf08d08be178dfc620ab993d1eb90703c,DBatLoader,lowmal3
9979cde821b32983dab6f00de1e28ce03c58d05f1f3c8efc43981d2e084aef29,AgentTesla,adrian__luca
9b511e0198dec0c5ad53e512c13a88408effb455a8c1b857ee63436408f8e24a,Adware.PushWare,NIXLovesCooper
9b60ef3f360061599935dcbcf4aa96f13b4121f7ad88d5b8cea0cecabc2281a6,N-W0rm,TeamDreier
9cd35fa0778c941469378a96267de2933089868036a78e1d8c062dc9fc3625a5,SilentBuilder,pr0xylife
9daf33d2d3b122f8caccbca555164e11046957ed0af5afbb2b243a292d6f2de2,all_7_families,malware_traffic
9e3c70168c1f03c901fe44186b0be98af8f804b47cce40f81e9eda2e48df0acb,Adware.PushWare,NIXLovesCooper
a10431e043b70db47e5617767f04f8565b7c5af7de0e76256190d56565fc06b1,AgentTesla,adrian__luca
a2003640721f7d056e296c6c84dd78308bbfd2ebf9cf615e7d39c86071414f02,5050,JAMESWT_WT
a20e438a9763f8d6ede0bd1318a53e57994325c53b5fad3dbd6d7430f8472d94,AgentTesla,cocaman
a25be9533b9bf7feb8ab371e69cfdbc40cdf7a9d6f9041e8dd04d5f7755d43d0,AgentTesla,adrian__luca
a3d1973a41c8f1bae4c4e24fbe8c38b94f041784f6b7658b17d3375442dc0574,AgentTesla,adrian__luca
a610ef0e37af408aa49c7296d238796c57ac45aa8b0809ce72bc4d75b23fdf4f,AsyncRAT,GDHJDSYDH1
a6614cded41125670831a606f6056874024d350751d3116feec9a731326958ad,AgentTesla,adrian__luca
a7c43d80a03dbf6586aed2d4cca44a191858e4c6192c2ccafc330dc0014578e6,Adware.PushWare,NIXLovesCooper
a89d88037e6e7321b7da02290aab0139ddf7be1b697388dcc28fba708304682f,AgentTesla,SecuriteInfoCom
ac8248066dcae6455d379d03888b2d618e49e0715e6c11fa5e96ac44faca7208,AgentTesla,adrian__luca
ae2669203764ff3bf46e5b3bd9b5582af63b9544f80114624331e07a3b03b80a,Dridex,zbetcheckin
ae44cfb5daa272b11b29f5f69272d36aec1c24777e47b8809f1f14cea6e8251a,TrickBot,zbetcheckin
af3714df64bf3a66c27d6e4c718c6da0f770cfbb1cb33d10f15721246b2d717a,AgentTesla,adrian__luca
af740c77ba855c2933a2ef48172e7a29585b954f1d3dec0d47df263ee070b4c3,AgentTesla,adrian__luca
b1183c3ff8b058d34e49369d108f00e9dfcc1e29426bb6e3a4db4eb2c5e7aecd,Heodo,anonymous
b137b67d9d570e4c1c8998a7ad2890e1f9c1376658b026fad61d9a79e288e8c1,GuLoader,smica83
b1e515e0e9d78bae0e3bf796c00627166a0be48cc6c70b0ea97c1f00cb35d682,AgentTesla,adrian__luca
b4055118d7dc797e7cc480742781e29ca410e52f3ad7c07cb06ec13cc50ca3fd,AgentTesla,adrian__luca
b45e6199e46ebce59b94cc7116b7525720da356e007c15c7f79f9d3c7b0dd853,RedLineStealer,fabiodemartin
b46c2cb0bca50540123bbde92aa6f434b0d587a7de93916dd5a03682563b1141,AgentTesla,adrian__luca
b502d6aeae2553ba6863369b999bcada53ae711fa436f1166027922c10631e46,AgentTesla,adrian__luca
b7f82a61221f1ec4dc8d84b7800e3fa5228392ebd23908b147d74ce3f79d350e,Adware.PushWare,NIXLovesCooper
bbf5558aa9ad5838472cc8e6ad284ec23dd86e29015861bec3cd41a6f7e390f5,AgentTesla,adrian__luca
bc977de2c812009947e6ae3fbcda2e1770b9b94789c2b486187c7a8af6d2f3ce,all_7_families,malware_traffic
bd442895a10c0b01daa543174c33d31ed05b905af2c6f5ab56c709893b1eed34,Heodo,SecuriteInfoCom
bfcc16e302514e80fdc77675291f1bdb32796e7b77274f7596049938d0652347,Loki,abuse_ch
bff22c83a53c9520a898473d80cc9125e2c222846c72e4b352409b7b0ef50eba,Gozi,JAMESWT_WT
c0b99a4d83d20539cbcb64a75cf4195277d63ef20113a3d3d5a1affe9db263e3,AgentTesla,adrian__luca
c0de9777e20295b2bd83ebfbcb301de221b30ce723e0bae4c3cc013a232e5cc7,Vidar,iamaachum
c172b89c46644dca743c3fd8660173240cfdd92f361eef3cf3c43d84b6bd6403,AgentTesla,adrian__luca
c19c0cceb7624b88bf118c651df9bd325d6e16e641dc94a2c4910e97665d3bde,AgentTesla,adrian__luca
c58751df2384d3667a1176c893888b976c2e2f97f3e702ecb322dbc31461aaa4,RedLineStealer,NIXLovesCooper
c683f9ff4acbc933d14210f87ee5ae4e393a4f65053a6655155a38ee891006aa,AgentTesla,cocaman
c6d2842609ff7389bb35237b8d80194f03d0cc53107644b23beb356638ad27b6,all_7_families,JAMESWT_WT
cbd4c6e8392f9fabb91d286ea1364aabe65ac86ffc177d2fd6a7990c971a9011,Expiro,cocaman
cd4ce50d0ab9455bec3ce38f27c9dcc10d90aa185d85ab84e3e122bf0c02cb15,AgentTesla,adrian__luca
cdc057b7c772e3ac5f6074b374c0c7fd7903ca5aa3fa19e45ef9c4921e11c89c,Emotet,jstrosch
cee52cea1d85083b781607bbe9752269f9336e23cd58a37f3f588fbfab9256a8,TrickBot,SecuriteInfoCom
d0f5b9d6db0482d92ec833a86453691ac61301dd66e03d3bcf304c72e4d9bb9e,WikiLoader,JAMESWT_WT
d120c25f77b8dfe9182aa2ac5ce44b8ca76ab77e12b65f98620069c07cbf8ccd,Emotet,obfusor
d159b0f366b83953973b69725a84e0f79d1efb97d712dbba7217b70fc73746d7,AgentTesla,cocaman
d1a785afd164bb2c5d932ada9920879984a7cc2b26ed8512828fda39b26dd2d1,SilentBuilder,pr0xylife
d1c785d069cf507148512559a5c7bff59e64069ce24846b4c3e27ccdb226eb6c,AgentTesla,adrian__luca
d2582eb0e62eb74cd2e9a4b0658d54a3b71c08e3f844b47e53ad1912623f4eb4,DBatLoader,1234567890
d25a928416c3614b40c4c57447023f53fa5cc4d4bd5dee5fc68a7e8cbc52d7cb,SilentBuilder,ffforward
d418e24f1da80e970160a4192050392dbf3e50a89458f46dbbd753423ebdbbde,TrickBot,zbetcheckin
d49c2e47c8e14cc01f0a362293c613ea9604e532ff77b879d69895473dfbeb03,WikiLoader,k3dg3
d5c57973716a0f937716e8431c82410e3deb1e49a880483d3c2d9e94e79f3d0b,AgentTesla,adrian__luca
d6a5d4bec8bc88217fea61b21c8b346d80fcbee3dcf602d717f8197cb44ca840,Dridex,GovCERT_CH
d733b63a83b40308324c30143fdd34f999a600aaf98ba4f6897c185bf448dce1,AgentTesla,adrian__luca
d88037ea620fb8de5a48985676340ccfc8c79e508e52e6ca297edd3972ae9d43,Adware.PushWare,NIXLovesCooper
d88615e084e4f29201a318b0a72ec16e5b3adc97f9e16a313e76a8d659c729a5,AgentTesla,adrian__luca
dad24a693a7bb63710b3734a208e6ee53707300a42d50eaaaf845615b8db8e0b,AgentTesla,adrian__luca
dad6d4a08cdda233a6368ae442acc5277c823a61bd0457054aabbaef20602407,AgentTesla,adrian__luca
ddce7321ecf07394badc64ef8b5fc6000b56c517f7ed6dc1506e4c6c8b4b29a6,Gozi,JAMESWT_WT
de4dde215310215bf64c3d8709323144cc73914129ede679e048e1f26efefc45,AgentTesla,cocaman
deb96eeb98aa7a0549027dadfafd5d3ebbce2006d4ad2272683ea82911026d79,all_7_families,JAMESWT_WT
e19ae4ea423a7210e27c0c58deb9ae5a77d1d9c8a4020051210290c53e69bebf,Dridex,SecuriteInfoCom
e3b071388e78aa31642a7fc4c8967d92838a20acab4ef03441d31293931fcfc8,AgentTesla,adrian__luca
e79037d299e1e7f1c0168861557da875e5506e2b0771920a9f1e6f6557b16b3d,RedLineStealer,JAMESWT_WT
ebb88a5df7df82e25bbd75a2c65341d558adc4b7752ee74fa2a10aa6f4e6e5ce,AgentTesla,adrian__luca
ed493db03ed0a43ee059026fadbfccb26cde4b3d71610073e09adcaa173a6c1f,all_7_families,malware_traffic
ef246ba750950b98b7b42d1251a6b0846457d2ecf656b495e82baf09911ddafd,Emotet,byMattii1234
ef503d5f5a41649720ea8bd5ed226aff3927ecd4c8fd80666ac2fda9d1c2e6cf,Heodo,byMattii1234
f083a511302fea3245665dddc8517861700d5b5720f1560a15ddc9f334b18034,AgentTesla,adrian__luca
f59b112154fa7b5d054be2543b3ece90ba0c1eb828edc2636602368f2213aadc,Gozi,viuleeenz
f68d1f0f0d98e40cd449b394d503d508f4933bbd513bf543579fb787a6a2c878,Dridex,SecuriteInfoCom
f69168160d39ed0a0e39f66e0eba4eefbce5f7a7358d33943784547b4d52c291,AgentTesla,adrian__luca
f7ec2c9703f551dda92a7c043b302c5bab26a4f91683f94cdfe789b54b5a9437,AgentTesla,pr0xylife
fa11e21144149812a1c61c9bf7f8351753aed2348075ced4d6b479e850474969,Emotet,jstrosch
fb011534d2f0a38ac49bc5220cbaaa631b1124a8cbcba8c12007202c2b0ea0f1,AgentTesla,adrian__luca
fc345d151b44639631fc6b88a979462dfba3aa5c281ee3a526c550359268c694,Heodo,jstrosch
fe135d63b84d72468b5e913b2b59ffd1e52911de7438d7c12874ae846639ae4e,AgentTesla,abuse_ch
fe5bcaeebd1b1ec308d5b4315f78912801ca049ec1293e632ad06d71f72e56d3,Loki,Racco42
