hash,family,source,status,detection_ratio,first_seen,last_seen,processes_count,files_written_count,files_deleted_count,registry_keys_set_count,dns_lookups_count,ip_connections_count,http_requests_count,mutexes_count,mitre_techniques_count,mitre_techniques,tags_count,tags,collected_date,error,mitre_technique_old
818c482b0d6be6f5c9449c76d79edf4e038fe639267b2da83675e0c5b723cea7,Gozi,JAMESWT_WT,failed,,,,0,0,0,0,0,0,0,0,0,,0,,2025-11-10T18:48:16.318642+00:00,failed to read cached file response: Expecting value: line 1 column 1 (char 0),
68bd5e4a0955b5d2b89751532443e0c42ae2974d6fe9000fd4ae058a66e7240f,Loki,threatcat_ch,success,58/76,1746174671.0,1756451219.0,19,64,33,7,2,5,12,5,55,"T1003, T1539, T1555, T1552, T1555.003, T1503, T1552.001, T1081, T1014, T1542.003, T1067, T1564, T1562, T1055, T1070.006, T1099, T1070, T1542, T1064, T1562.001, T1089, T1027, T1564.003, T1143, T1027.002, T1045, T1564.001, T1158, T1082, T1012, T1071, T1106, T1059, T1005, T1496, T1119, T1083, T1214, T1552.002, T1217, T1134, T1543.003, T1031, T1574.002, T1574.001, T1036, T1497, T1518.001, T1063, T1057, T1010, T1114, T1105, T1095, T1094",5,"DETECT_DEBUG_ENVIRONMENT, OBFUSCATED, CALLS_WMI, LONG_SLEEPS, PERSISTENCE",2025-11-10T18:48:16.319450+00:00,,"T1003, T1539, T1555, T1552, T1555.003, T1552.001, T1014, T1542.003, T1564, T1562, T1055, T1070.006, T1070, T1542, T1064, T1562.001, T1027, T1564.003, T1027.002, T1564.001, T1082, T1012, T1071, T1106, T1059, T1005, T1496, T1143, T1045, T1082, T1012, T1119, T1081, T1083, T1005, T1214, T1217, T1003, T1134, T1543.003, T1574.002, T1055, T1055, T1055, T1055, T1036, T1562.001, T1562.001, T1497, T1497, T1497, T1497, T1027, T1027.002, T1027.002, T1070.006, T1003, T1003, T1552.002, T1518.001, T1057, T1010, T1083, T1082, T1082, T1082, T1082, T1114, T1005, T1005, T1105, T1105, T1095, T1095, T1071, T1071, T1071, T1071"
68d60ea2de32a82a0e8675af68237a5184bd242ea3dc2593aef598bfa546eca5,Dridex,SecuriteInfoCom,success,49/76,1640185375.0,1741669328.0,131,0,0,0,0,0,0,0,0,,0,,2025-11-10T18:48:16.322920+00:00,,
fe135d63b84d72468b5e913b2b59ffd1e52911de7438d7c12874ae846639ae4e,AgentTesla,abuse_ch,success,28/76,1759905954.0,1761216318.0,3,8,1,28,0,1,2,15,0,,0,,2025-11-10T18:48:16.323785+00:00,,
ae44cfb5daa272b11b29f5f69272d36aec1c24777e47b8809f1f14cea6e8251a,TrickBot,zbetcheckin,success,41/72,1638929433.0,1639109457.0,129,13,5,296,32,12,3,5,20,"T1059, T1106, T1055, T1036, T1562.001, T1089, T1218.011, T1085, T1518.001, T1063, T1012, T1057, T1018, T1083, T1082, T1573, T1024, T1095, T1094, T1071",3,"LONG_SLEEPS, PERSISTENCE, DETECT_DEBUG_ENVIRONMENT",2025-11-10T18:48:16.324459+00:00,,"T1059, T1106, T1055, T1055, T1055, T1055, T1036, T1562.001, T1218.011, T1518.001, T1012, T1057, T1018, T1083, T1082, T1082, T1082, T1082, T1573, T1573, T1095, T1071, T1071"
bd442895a10c0b01daa543174c33d31ed05b905af2c6f5ab56c709893b1eed34,Heodo,SecuriteInfoCom,success,61/76,1699632179.0,1754362483.0,13,44,45,341,2,12,32,17,49,"T1129, T1057, T1027.005, T1066, T1083, T1059, T1082, T1614.001, T1529, T1614, T1070.001, T1620, T1089, T1562.001, T1562, T1112, T1012, T1071, T1032, T1573, T1071.001, T1106, T1047, T1119, T1081, T1552.001, T1005, T1113, T1143, T1564.003, T1045, T1027.002, T1063, T1518.001, T1036, T1497, T1070.004, T1107, T1003, T1056, T1552.002, T1214, T1018, T1024, T1571, T1065, T1105, T1095, T1094",6,"CHECKS_NETWORK_ADAPTERS, CALLS_WMI, DETECT_DEBUG_ENVIRONMENT, LONG_SLEEPS, CHECKS_USER_INPUT, CHECKS_CPU_NAME",2025-11-10T18:48:16.325717+00:00,,"T1129, T1057, T1027.005, T1129, T1129, T1083, T1059, T1083, T1082, T1614.001, T1082, T1529, T1614, T1070.001, T1620, T1089, T1562, T1112, T1562.001, T1082, T1012, T1071, T1032, T1071.001, T1106, T1082, T1012, T1047, T1057, T1119, T1081, T1083, T1005, T1113, T1143, T1045, T1129, T1057, T1129, T1129, T1083, T1059, T1083, T1614.001, T1529, T1082, T1082, T1614, T1620, T1027.005, T1070.001, T1063, T1036, T1497, T1562.001, T1070.004, T1003, T1003, T1056, T1552.002, T1518.001, T1518.001, T1518.001, T1018, T1083, T1083, T1082, T1082, T1082, T1082, T1005, T1005, T1573, T1573, T1571, T1571, T1105, T1105, T1095, T1095, T1095, T1071, T1071, T1071, T1071, T1071, T1071"
6d487dffb68cd5ba6d6f03383b00c3c942ce8bebc8ef3bdd10ddf240bd532f2f,all_7_families,JAMESWT_WT,success,13/72,1630733936.0,1631517919.0,0,0,0,0,0,0,0,0,0,,0,,2025-11-10T18:48:16.328706+00:00,,
d120c25f77b8dfe9182aa2ac5ce44b8ca76ab77e12b65f98620069c07cbf8ccd,Emotet,obfusor,success,59/77,1689238719.0,1742136460.0,28,123,150,140,13,26,16,47,32,"T1027.005, T1066, T1129, T1222, T1027, T1082, T1012, T1213, T1083, T1057, T1091, T1547.001, T1060, T1574.002, T1574.001, T1055, T1036, T1497, T1056, T1518.001, T1063, T1010, T1120, T1018, T1005, T1573, T1024, T1571, T1065, T1095, T1094, T1071",7,"EXECUTES_DROPPED_FILE, CHECKS_USER_INPUT, CHECKS_NETWORK_ADAPTERS, CHECKS_USB_BUS, DETECT_DEBUG_ENVIRONMENT, LONG_SLEEPS, PERSISTENCE",2025-11-10T18:48:16.329464+00:00,,"T1027.005, T1129, T1222, T1027, T1082, T1012, T1213, T1083, T1083, T1082, T1083, T1129, T1129, T1082, T1083, T1083, T1129, T1222, T1027, T1082, T1012, T1213, T1083, T1083, T1082, T1083, T1129, T1129, T1082, T1083, T1083, T1057, T1027.005, T1091, T1547.001, T1547.001, T1574.002, T1055, T1036, T1036, T1497, T1497, T1056, T1056, T1518.001, T1518.001, T1057, T1057, T1010, T1120, T1120, T1018, T1083, T1083, T1083, T1082, T1082, T1082, T1005, T1573, T1573, T1571, T1095, T1071, T1071"
b7f82a61221f1ec4dc8d84b7800e3fa5228392ebd23908b147d74ce3f79d350e,Adware.PushWare,NIXLovesCooper,success,24/76,1701497619.0,1757457225.0,0,0,0,0,3,2,4,0,14,"T1095, T1094, T1129, T1198, T1553.003, T1140, T1045, T1027.002, T1071, T1119, T1082, T1027.009, T1063, T1518.001",0,,2025-11-10T18:48:16.331882+00:00,,"T1095, T1129, T1198, T1198, T1129, T1140, T1045, T1071, T1119, T1082, T1027.009, T1063"
e79037d299e1e7f1c0168861557da875e5506e2b0771920a9f1e6f6557b16b3d,RedLineStealer,JAMESWT_WT,success,42/76,1758210732.0,1761631585.0,13,7,0,20,7,1,1,0,20,"T1003, T1552, T1552.001, T1081, T1055, T1114, T1005, T1082, T1057, T1071, T1106, T1562.001, T1089, T1497, T1027.002, T1045, T1140, T1027, T1560, T1022",4,"DETECT_DEBUG_ENVIRONMENT, CHECKS_NETWORK_ADAPTERS, LONG_SLEEPS, OBFUSCATED",2025-11-10T18:48:16.333314+00:00,,"T1003, T1552, T1552.001, T1055, T1055, T1114, T1005, T1082, T1057, T1071, T1071, T1071, T1106, T1562.001, T1497, T1497, T1027.002, T1140, T1027, T1082, T1082, T1560"
d0f5b9d6db0482d92ec833a86453691ac61301dd66e03d3bcf304c72e4d9bb9e,WikiLoader,JAMESWT_WT,success,46/78,1697128986.0,1715257753.0,30,97,127,13,3,0,0,30,6,"T1218.011, T1085, T1497, T1518.001, T1063, T1082",2,"DETECT_DEBUG_ENVIRONMENT, LONG_SLEEPS",2025-11-10T18:48:16.337078+00:00,,"T1218.011, T1497, T1497, T1497, T1518.001, T1518.001, T1518.001, T1082, T1082"
d25a928416c3614b40c4c57447023f53fa5cc4d4bd5dee5fc68a7e8cbc52d7cb,SilentBuilder,ffforward,success,29/76,1638378035.0,1757569518.0,6,31,3,237,0,4,3,16,17,"T1047, T1064, T1203, T1055, T1036, T1562.001, T1089, T1497, T1083, T1082, T1114, T1571, T1065, T1105, T1095, T1094, T1071",3,"CALLS_WMI, DETECT_DEBUG_ENVIRONMENT, LONG_SLEEPS",2025-11-10T18:48:16.338914+00:00,,"T1047, T1047, T1064, T1203, T1203, T1203, T1203, T1055, T1036, T1562.001, T1497, T1083, T1082, T1082, T1082, T1114, T1571, T1105, T1095, T1071"
98f8aa235cf07d4e6fe52c1ad88fd6fcf08d08be178dfc620ab993d1eb90703c,DBatLoader,lowmal3,success,60/76,1757689170.0,1760249055.0,27,40,18,38,0,2,22,5,48,"T1614.001, T1125, T1083, T1027, T1129, T1082, T1614, T1056.001, T1010, T1113, T1059, T1564.003, T1143, T1012, T1055, T1027.002, T1045, T1005, T1053.005, T1071.001, T1095, T1094, T1105, T1119, T1134, T1217, T1497.003, T1552.001, T1081, T1552.002, T1214, T1555.003, T1503, T1622, T1140, T1057, T1053, T1168, T1027.009, T1063, T1518.001, T1036, T1497, T1218.011, T1085, T1003, T1114, T1071",5,"OBFUSCATED, EXECUTES_DROPPED_FILE, DETECT_DEBUG_ENVIRONMENT, LONG_SLEEPS, PERSISTENCE",2025-11-10T18:48:16.340128+00:00,,"T1614.001, T1125, T1083, T1027, T1129, T1082, T1129, T1614, T1056.001, T1010, T1082, T1056.001, T1010, T1113, T1059, T1564.003, T1012, T1055, T1027, T1027, T1027.002, T1027.002, T1005, T1005, T1005, T1005, T1005, T1005, T1005, T1005, T1005, T1012, T1012, T1012, T1012, T1012, T1012, T1012, T1012, T1012, T1027.002, T1027.002, T1053.005, T1053.005, T1071.001, T1082, T1083, T1083, T1083, T1083, T1083, T1095, T1105, T1119, T1119, T1119, T1119, T1119, T1119, T1119, T1119, T1119, T1134, T1217, T1497.003, T1552.001, T1552.001, T1552.001, T1552.001, T1552.001, T1552.002, T1552.002, T1552.002, T1552.002, T1552.002, T1552.002, T1552.002, T1555.003, T1564.003, T1622, T1059, T1140, T1129, T1045, T1057, T1082, T1053, T1027.009, T1063, T1053, T1129, T1055, T1055, T1055, T1036, T1036, T1036, T1497, T1497, T1218.011, T1003, T1003, T1552.002, T1518.001, T1518.001, T1083, T1082, T1082, T1082, T1114, T1005, T1005, T1095, T1071, T1071"
a610ef0e37af408aa49c7296d238796c57ac45aa8b0809ce72bc4d75b23fdf4f,AsyncRAT,GDHJDSYDH1,success,28/76,1759311518.0,1762162589.0,2,0,0,0,6,0,0,0,19,"T1071, T1129, T1059, T1064, T1047, T1542.003, T1067, T1055, T1562.001, T1089, T1564.002, T1147, T1027, T1070.004, T1107, T1057, T1021.001, T1076, T1090",3,"DETECT_DEBUG_ENVIRONMENT, CALLS_WMI, LONG_SLEEPS",2025-11-10T18:48:16.342812+00:00,,"T1071, T1071, T1129, T1059, T1129, T1064, T1064, T1064, T1047, T1542.003, T1055, T1562.001, T1564.002, T1027, T1070.004, T1057, T1021.001, T1090"
a2003640721f7d056e296c6c84dd78308bbfd2ebf9cf615e7d39c86071414f02,5050,JAMESWT_WT,success,26/76,1679393832.0,1759988690.0,0,0,0,0,1,1,1,0,12,"T1064, T1055, T1497, T1027, T1518.001, T1063, T1082, T1018, T1095, T1094, T1071, T1105",3,"DETECT_DEBUG_ENVIRONMENT, LONG_SLEEPS, OBFUSCATED",2025-11-10T18:48:16.343971+00:00,,"T1064, T1064, T1064, T1055, T1497, T1027, T1518.001, T1082, T1082, T1018, T1095, T1095, T1095, T1071, T1071, T1071, T1071, T1105, T1105, T1105"
0a34ca695a121a9757c72fc0b78101eefba974896da6913d87c2a0575d15bc9f,IcedID,abuse_ch,success,28/76,1679643833.0,1735365961.0,12,214,205,67,2,2,5,15,24,"T1082, T1071, T1573, T1024, T1055, T1129, T1140, T1027.009, T1057, T1105, T1112, T1050, T1543.003, T1060, T1547.001, T1203, T1574.002, T1574.001, T1036, T1218.011, T1085, T1518.001, T1063, T1114",1,PERSISTENCE,2025-11-10T18:48:16.344964+00:00,,"T1082, T1071, T1573, T1055, T1129, T1140, T1129, T1027.009, T1057, T1105, T1112, T1050, T1060, T1203, T1574.002, T1547.001, T1547.001, T1036, T1218.011, T1518.001, T1082, T1082, T1082, T1082, T1114"
c0de9777e20295b2bd83ebfbcb301de221b30ce723e0bae4c3cc013a232e5cc7,Vidar,iamaachum,success,0/76,1743788752.0,1761734139.0,0,0,0,0,0,0,0,0,0,,0,,2025-11-10T18:48:16.346615+00:00,,
38812a89fadd630ef909720c4b5437769769eb643e9a6e2bbb8d964ffa41cb4d,GoziGozi,NIXLovesCooper,success,25/78,1701497924.0,1721342391.0,3,18,9,10,7,7,4,3,29,"T1095, T1094, T1129, T1198, T1553.003, T1140, T1045, T1027.002, T1071, T1119, T1082, T1027.009, T1063, T1518.001, T1059, T1574.002, T1574.001, T1036, T1497, T1056, T1057, T1010, T1018, T1560, T1022, T1573, T1024, T1571, T1065",5,"CHECKS_USER_INPUT, DETECT_DEBUG_ENVIRONMENT, LONG_SLEEPS, CHECKS_DISK_SPACE, CHECKS_CPU_NAME",2025-11-10T18:48:16.347230+00:00,,"T1095, T1129, T1198, T1198, T1129, T1140, T1045, T1071, T1119, T1082, T1027.009, T1063, T1059, T1059, T1574.002, T1036, T1497, T1497, T1497, T1497, T1056, T1518.001, T1518.001, T1518.001, T1057, T1010, T1018, T1082, T1082, T1082, T1560, T1573, T1573, T1571, T1095, T1071, T1071"
8f8abfa6717ad2043a295d16b5aeeac3e7084b7994f6eec8351e18a9a3c59997,Gamaredon,e24111111154168,success,33/75,1712935558.0,1761891645.0,28,55,19,17,4,36,0,3,38,"T1033, T1082, T1547, T1547.001, T1060, T1564, T1202, T1112, T1064, T1564.001, T1158, T1564.004, T1096, T1071, T1568, T1106, T1059, T1059.001, T1086, T1560, T1022, T1485, T1573, T1024, T1095, T1094, T1036, T1497, T1057, T1010, T1083, T1574.002, T1574.001, T1140, T1027.002, T1045, T1518.001, T1063",5,"DETECT_DEBUG_ENVIRONMENT, MACRO_POWERSHELL, PERSISTENCE, CHECKS_NETWORK_ADAPTERS, LONG_SLEEPS",2025-11-10T18:48:16.348440+00:00,,"T1033, T1082, T1547, T1547.001, T1564, T1202, T1112, T1064, T1564.001, T1564.004, T1071, T1568, T1106, T1059, T1059.001, T1560, T1485, T1573, T1095, T1071, T1071, T1036, T1497, T1497, T1497, T1497, T1057, T1010, T1083, T1082, T1082, T1064, T1059, T1059, T1059.001, T1059.001, T1574.002, T1140, T1027.002, T1518.001, T1083"
3d9c975f79b08957f18c83aead4d31e37ee1939046f9f7b946ef8516293aa1f2,Tinba,hR0m454,success,64/76,1750532090.0,1754838193.0,85,50,54,152,18,11,14,41,40,"T1129, T1014, T1542.003, T1067, T1564, T1562, T1055, T1112, T1542, T1497, T1562.001, T1089, T1564.001, T1158, T1547, T1547.001, T1060, T1082, T1057, T1071, T1496, T1485, T1045, T1027.002, T1083, T1093, T1055.012, T1143, T1564.003, T1140, T1574.002, T1574.001, T1036, T1012, T1518.001, T1063, T1560, T1022, T1095, T1094",3,"PERSISTENCE, CHECKS_NETWORK_ADAPTERS, LONG_SLEEPS",2025-11-10T18:48:16.350402+00:00,,"T1129, T1129, T1014, T1542.003, T1564, T1562, T1055, T1112, T1542, T1497, T1562.001, T1564.001, T1547, T1547.001, T1082, T1057, T1071, T1496, T1485, T1045, T1055, T1057, T1060, T1083, T1093, T1112, T1143, T1158, T1057, T1129, T1140, T1071, T1071, T1574.002, T1547.001, T1547.001, T1547.001, T1547.001, T1055, T1055, T1055, T1055, T1055, T1055, T1036, T1012, T1518.001, T1518.001, T1057, T1057, T1082, T1082, T1082, T1560, T1095, T1095, T1071, T1071"
cbd4c6e8392f9fabb91d286ea1364aabe65ac86ffc177d2fd6a7990c971a9011,Expiro,cocaman,success,43/76,1754692086.0,1754902748.0,28,108,32,16,59,20,68,12,28,"T1129, T1106, T1036, T1548, T1082, T1057, T1012, T1071, T1486, T1047, T1055, T1562.001, T1089, T1497, T1027, T1027.002, T1045, T1003, T1552.002, T1214, T1518.001, T1063, T1083, T1080, T1114, T1005, T1095, T1094",7,"DETECT_DEBUG_ENVIRONMENT, CRYPTO, LONG_SLEEPS, CALLS_WMI, PERSISTENCE, CHECKS_NETWORK_ADAPTERS, CHECKS_BIOS",2025-11-10T18:48:16.355625+00:00,,"T1129, T1106, T1036, T1548, T1082, T1082, T1057, T1012, T1071, T1071, T1071, T1071, T1071, T1071, T1071, T1071, T1071, T1071, T1486, T1047, T1047, T1047, T1047, T1055, T1055, T1055, T1036, T1036, T1562.001, T1497, T1497, T1497, T1497, T1027, T1027.002, T1003, T1003, T1552.002, T1518.001, T1518.001, T1057, T1083, T1082, T1082, T1082, T1082, T1082, T1080, T1114, T1005, T1005, T1095, T1071, T1071, T1071"
b137b67d9d570e4c1c8998a7ad2890e1f9c1376658b026fad61d9a79e288e8c1,GuLoader,smica83,success,31/76,1757882032.0,1762067138.0,23,34,7,64,6,2,1,43,23,"T1564, T1036, T1548, T1064, T1497, T1564.003, T1143, T1539, T1082, T1071, T1106, T1059, T1129, T1202, T1055, T1027, T1218.011, T1085, T1518.001, T1063, T1057, T1083, T1005",3,"DETECT_DEBUG_ENVIRONMENT, LONG_SLEEPS, OBFUSCATED",2025-11-10T18:48:16.357904+00:00,,"T1564, T1036, T1548, T1064, T1064, T1064, T1497, T1564.003, T1539, T1082, T1071, T1071, T1071, T1106, T1059, T1059, T1059, T1129, T1564.003, T1129, T1202, T1064, T1064, T1064, T1064, T1055, T1036, T1497, T1027, T1218.011, T1518.001, T1057, T1083, T1083, T1082, T1005, T1071"
9b60ef3f360061599935dcbcf4aa96f13b4121f7ad88d5b8cea0cecabc2281a6,N-W0rm,TeamDreier,success,22/76,1647140128.0,1667812628.0,0,0,0,0,6,7,3,0,0,,0,,2025-11-10T18:48:16.359654+00:00,,
579bd737d21c98e0b59436ef8d2254042f45792931fb7f4de0e1f8a8c45572e3,Gozi,JAMESWT_WT,success,28/76,1679576701.0,1759904226.0,2,0,0,1,3,2,1,0,12,"T1071, T1055, T1064, T1497, T1027, T1518.001, T1063, T1082, T1018, T1095, T1094, T1105",3,"DETECT_DEBUG_ENVIRONMENT, LONG_SLEEPS, OBFUSCATED",2025-11-10T18:48:16.360179+00:00,,"T1071, T1055, T1064, T1064, T1064, T1055, T1497, T1027, T1518.001, T1082, T1082, T1018, T1095, T1095, T1095, T1071, T1071, T1071, T1071, T1105, T1105, T1105"
6a3e2eecb7f7f464c57a7159570d2d55c6893839be852af898089550265f5dfc,Loki,smica83,success,27/75,1721024218.0,1757051164.0,27,11,1,7,7,3,0,5,26,"T1129, T1059, T1082, T1012, T1071, T1202, T1562, T1036, T1070.006, T1099, T1548, T1070, T1562.001, T1089, T1064, T1547.001, T1060, T1055, T1497, T1003, T1518.001, T1063, T1083, T1005, T1573, T1024",3,"DETECT_DEBUG_ENVIRONMENT, LONG_SLEEPS, PERSISTENCE",2025-11-10T18:48:16.360992+00:00,,"T1129, T1059, T1082, T1012, T1071, T1202, T1202, T1562, T1036, T1070.006, T1548, T1070, T1562.001, T1064, T1129, T1547.001, T1055, T1055, T1055, T1036, T1036, T1036, T1036, T1562.001, T1562.001, T1497, T1497, T1070.006, T1003, T1003, T1518.001, T1083, T1083, T1082, T1082, T1005, T1005, T1573, T1071, T1071"
3f93bbbd31f1ca5627326b08e3fdffeed857a43e0800fb2e0503065adf42be30,Dridex,zbetcheckin,success,56/76,1638402272.0,1738251633.0,1,0,0,0,0,0,0,0,0,,0,,2025-11-10T18:48:16.362752+00:00,,
a89d88037e6e7321b7da02290aab0139ddf7be1b697388dcc28fba708304682f,AgentTesla,SecuriteInfoCom,success,56/76,1756970625.0,1760077389.0,16,7,1,3,2,5,0,0,32,"T1620, T1003, T1552, T1552.001, T1081, T1055, T1027, T1027.002, T1045, T1114, T1005, T1082, T1071, T1106, T1012, T1047, T1055.012, T1093, T1057, T1071.004, T1083, T1095, T1094, T1119, T1134, T1552.002, T1214, T1555.003, T1503, T1564.003, T1143, T1129",3,"SMTP_COMMUNICATION, DETECT_DEBUG_ENVIRONMENT, OBFUSCATED",2025-11-10T18:48:16.363358+00:00,,"T1620, T1003, T1552, T1552.001, T1055, T1055, T1027, T1027.002, T1114, T1005, T1082, T1071, T1071, T1071, T1071, T1106, T1005, T1005, T1005, T1005, T1005, T1005, T1005, T1012, T1012, T1012, T1012, T1012, T1012, T1027.002, T1027.002, T1047, T1047, T1055, T1055.012, T1057, T1071.004, T1082, T1082, T1082, T1082, T1083, T1083, T1083, T1095, T1119, T1119, T1119, T1119, T1119, T1119, T1119, T1134, T1552.001, T1552.001, T1552.002, T1552.002, T1552.002, T1552.002, T1555.003, T1564.003, T1129, T1057, T1564.003, T1129, T1057, T1082, T1119, T1081, T1119, T1081, T1119, T1081, T1071"
cee52cea1d85083b781607bbe9752269f9336e23cd58a37f3f588fbfab9256a8,TrickBot,SecuriteInfoCom,success,37/76,1630715912.0,1756941623.0,7,19,4,135,2,2,8,9,0,,3,"LONG_SLEEPS, UNKNOWN_BEHAVIOUR, DETECT_DEBUG_ENVIRONMENT",2025-11-10T18:48:16.364747+00:00,,
fc345d151b44639631fc6b88a979462dfba3aa5c281ee3a526c550359268c694,Heodo,jstrosch,success,54/76,1668189321.0,1708941945.0,2,0,0,2,0,2,2,1,17,"T1027, T1027.005, T1066, T1129, T1497.001, T1057, T1518, T1082, T1005, T1053, T1168, T1622, T1036.005, T1553.005, T1218.010, T1117, T1106",2,"RUNTIME_MODULES, CHECKS_HOSTNAME",2025-11-10T18:48:16.365835+00:00,,"T1027, T1027.005, T1129, T1129, T1497.001, T1057, T1518, T1082, T1005, T1129, T1053, T1622, T1036.005, T1553.005, T1218.010, T1106"
854c4b3bd8e4d044ed26941615c5c607dcffe0ba39d92b62313b7c6aafae2a89,all_7_families,malware_traffic,success,27/74,1631569532.0,1649416930.0,0,0,0,52,0,0,0,0,0,,0,,2025-11-10T18:48:16.366423+00:00,,
2874f19d385565b1c5d5e630163aef1d87280af5de2cba4a583ab683768df1f4,Emotet,zbetcheckin,success,59/81,1673981572.0,1740203391.0,1,40,34,6,0,83,0,10,28,"T1129, T1112, T1056.001, T1622, T1005, T1547.001, T1060, T1574.002, T1574.001, T1036, T1497, T1564.001, T1158, T1218.010, T1117, T1218.011, T1085, T1070.004, T1107, T1518.001, T1063, T1057, T1083, T1082, T1573, T1024, T1071, T1018",4,"RUNTIME_MODULES, PERSISTENCE, DETECT_DEBUG_ENVIRONMENT, LONG_SLEEPS",2025-11-10T18:48:16.368700+00:00,,"T1129, T1112, T1056.001, T1129, T1622, T1005, T1129, T1547.001, T1547.001, T1574.002, T1036, T1036, T1036, T1497, T1497, T1564.001, T1218.010, T1218.011, T1070.004, T1518.001, T1518.001, T1057, T1083, T1082, T1082, T1082, T1082, T1573, T1573, T1071, T1071, T1018"
d88037ea620fb8de5a48985676340ccfc8c79e508e52e6ca297edd3972ae9d43,Adware.PushWare,NIXLovesCooper,success,27/76,1701496753.0,1756900668.0,0,0,0,4,3,3,4,0,17,"T1129, T1095, T1094, T1198, T1553.003, T1140, T1045, T1027.002, T1071, T1119, T1082, T1179, T1056.004, T1056, T1027.009, T1063, T1518.001",0,,2025-11-10T18:48:16.370052+00:00,,"T1129, T1095, T1198, T1198, T1129, T1140, T1045, T1071, T1119, T1082, T1179, T1056, T1027.009, T1063"
c58751df2384d3667a1176c893888b976c2e2f97f3e702ecb322dbc31461aaa4,RedLineStealer,NIXLovesCooper,success,41/76,1699700429.0,1754744809.0,15,109,67,161,1,6,12,12,32,"T1071, T1071.001, T1089, T1562.001, T1562, T1143, T1564.003, T1045, T1027.002, T1065, T1571, T1129, T1027.009, T1091, T1059, T1574.002, T1574.001, T1055, T1036, T1112, T1497, T1070.004, T1107, T1056, T1518.001, T1063, T1057, T1010, T1120, T1018, T1083, T1082",5,"CHECKS_USB_BUS, DETECT_DEBUG_ENVIRONMENT, LONG_SLEEPS, PERSISTENCE, CHECKS_USER_INPUT",2025-11-10T18:48:16.371284+00:00,,"T1071, T1071.001, T1089, T1562, T1562.001, T1143, T1045, T1065, T1129, T1089, T1027.009, T1091, T1059, T1574.002, T1055, T1055, T1055, T1036, T1036, T1036, T1036, T1112, T1562.001, T1562.001, T1562.001, T1497, T1497, T1497, T1070.004, T1056, T1518.001, T1057, T1010, T1120, T1120, T1018, T1083, T1083, T1082, T1082, T1082, T1082, T1571, T1071"
d49c2e47c8e14cc01f0a362293c613ea9604e532ff77b879d69895473dfbeb03,WikiLoader,k3dg3,success,31/76,1689091037.0,1756910996.0,15,123,212,113,11,17,7,16,22,"T1003, T1014, T1542.003, T1067, T1564, T1055, T1542, T1564.003, T1143, T1564.001, T1158, T1082, T1012, T1071, T1573, T1024, T1203, T1496, T1485, T1192, T1566.002, T1036",2,"CHECKS_USER_INPUT, CHECKS_NETWORK_ADAPTERS",2025-11-10T18:48:16.373674+00:00,,"T1003, T1014, T1542.003, T1564, T1055, T1542, T1564.003, T1564.001, T1082, T1012, T1071, T1573, T1203, T1496, T1485, T1192, T1566.002, T1036, T1082"
9cd35fa0778c941469378a96267de2933089868036a78e1d8c062dc9fc3625a5,SilentBuilder,pr0xylife,success,24/72,1638410394.0,1639916096.0,6,13,1,136,0,1,2,10,15,"T1047, T1064, T1203, T1055, T1036, T1497, T1083, T1082, T1114, T1571, T1065, T1105, T1095, T1094, T1071",3,"CALLS_WMI, DETECT_DEBUG_ENVIRONMENT, LONG_SLEEPS",2025-11-10T18:48:16.375204+00:00,,"T1047, T1047, T1064, T1203, T1203, T1203, T1203, T1055, T1036, T1497, T1083, T1082, T1082, T1082, T1114, T1571, T1105, T1095, T1071"
d2582eb0e62eb74cd2e9a4b0658d54a3b71c08e3f844b47e53ad1912623f4eb4,DBatLoader,1234567890,success,60/77,1707575823.0,1709987650.0,4,49,7,0,4,2,4,3,42,"T1027, T1027.005, T1066, T1564.003, T1143, T1129, T1059, T1012, T1614, T1010, T1083, T1082, T1115, T1113, T1112, T1056.001, T1614.001, T1569.002, T1035, T1055, T1055.004, T1033, T1087, T1497.001, T1036, T1119, T1081, T1552.001, T1005, T1049, T1045, T1027.002, T1170, T1218.005, T1218, T1057, T1140, T1027.009, T1056, T1095, T1094, T1071",1,CHECKS_USER_INPUT,2025-11-10T18:48:16.376098+00:00,,"T1027, T1027.005, T1564.003, T1129, T1059, T1012, T1129, T1614, T1010, T1083, T1082, T1083, T1082, T1115, T1113, T1129, T1115, T1112, T1012, T1010, T1056.001, T1082, T1056.001, T1614.001, T1027, T1569.002, T1082, T1055, T1055.004, T1083, T1033, T1087, T1497.001, T1027, T1036, T1143, T1119, T1081, T1083, T1005, T1049, T1045, T1170, T1218, T1129, T1057, T1129, T1140, T1027.009, T1055, T1056, T1057, T1082, T1095, T1071"
f59b112154fa7b5d054be2543b3ece90ba0c1eb828edc2636602368f2213aadc,Gozi,viuleeenz,success,58/76,1688494867.0,1755223283.0,0,33,18,19,2,1,22,4,36,"T1129, T1082, T1614.001, T1614, T1047, T1059, T1574.002, T1574.001, T1055, T1070.004, T1107, T1014, T1036, T1497, T1218.010, T1117, T1218.011, T1085, T1003, T1056.004, T1179, T1056, T1083, T1518.001, T1063, T1057, T1010, T1018, T1016, T1185, T1005, T1114, T1105, T1095, T1094, T1071",5,"CALLS_WMI, DETECT_DEBUG_ENVIRONMENT, LONG_SLEEPS, PERSISTENCE, CHECKS_USER_INPUT",2025-11-10T18:48:16.377460+00:00,,"T1129, T1082, T1082, T1614.001, T1614, T1129, T1129, T1047, T1047, T1059, T1574.002, T1055, T1055, T1055, T1055, T1055, T1055, T1055, T1055, T1070.004, T1014, T1014, T1014, T1014, T1036, T1497, T1497, T1497, T1218.010, T1218.011, T1003, T1056.004, T1056.004, T1056.004, T1056, T1083, T1083, T1082, T1082, T1082, T1082, T1082, T1518.001, T1057, T1057, T1010, T1018, T1018, T1016, T1185, T1005, T1114, T1105, T1095, T1095, T1071, T1071, T1071"
bfcc16e302514e80fdc77675291f1bdb32796e7b77274f7596049938d0652347,Loki,abuse_ch,success,57/76,1727247375.0,1760959109.0,17,32,11,62,4,4,32,5,42,"T1140, T1003, T1555, T1552, T1555.003, T1503, T1552.001, T1081, T1114, T1005, T1082, T1057, T1012, T1071, T1106, T1055, T1070, T1143, T1564.003, T1045, T1027.002, T1119, T1083, T1214, T1552.002, T1217, T1129, T1574.002, T1574.001, T1036, T1562.001, T1089, T1497, T1027, T1056, T1518.001, T1063, T1018, T1185, T1105, T1095, T1094",5,"DETECT_DEBUG_ENVIRONMENT, SELF_DELETE, LONG_SLEEPS, PERSISTENCE, CHECKS_USER_INPUT",2025-11-10T18:48:16.379198+00:00,,"T1140, T1003, T1555, T1552, T1555.003, T1552.001, T1114, T1005, T1082, T1057, T1012, T1071, T1106, T1055, T1070, T1143, T1045, T1057, T1082, T1012, T1119, T1081, T1083, T1005, T1214, T1217, T1003, T1129, T1129, T1057, T1140, T1057, T1081, T1119, T1070, T1082, T1012, T1574.002, T1055, T1055, T1055, T1036, T1562.001, T1497, T1497, T1497, T1497, T1027, T1027.002, T1027.002, T1003, T1003, T1056, T1552.002, T1518.001, T1057, T1018, T1083, T1082, T1082, T1082, T1082, T1114, T1185, T1005, T1005, T1105, T1105, T1095, T1095, T1095, T1071, T1071, T1071, T1071, T1071"
d6a5d4bec8bc88217fea61b21c8b346d80fcbee3dcf602d717f8197cb44ca840,Dridex,GovCERT_CH,success,30/76,1638872395.0,1747011869.0,0,27,6,203,0,0,0,22,9,"T1047, T1064, T1203, T1055, T1036, T1497, T1012, T1083, T1082",3,"DETECT_DEBUG_ENVIRONMENT, CALLS_WMI, LONG_SLEEPS",2025-11-10T18:48:16.381484+00:00,,"T1047, T1047, T1064, T1064, T1203, T1203, T1055, T1036, T1497, T1012, T1083, T1082, T1082, T1082"
5d53d190c150a8f0efb04cdfd9f607d0cd30452eb1c9e5b59a97d137dd47ecb5,AgentTesla,burger403,success,50/76,1757339018.0,1759903595.0,5,3,0,0,3,2,0,1,23,"T1129, T1222, T1620, T1027, T1057, T1033, T1087, T1140, T1083, T1082, T1071, T1106, T1070.006, T1099, T1070, T1027.002, T1045, T1089, T1562.001, T1497, T1124, T1560, T1022",3,"DETECT_DEBUG_ENVIRONMENT, OBFUSCATED, IDLE",2025-11-10T18:48:16.382737+00:00,,"T1129, T1222, T1620, T1027, T1057, T1033, T1087, T1140, T1083, T1620, T1027, T1082, T1071, T1106, T1070.006, T1070, T1027, T1027.002, T1129, T1129, T1057, T1057, T1089, T1082, T1497, T1497, T1562.001, T1027.002, T1027.002, T1027.002, T1027.002, T1140, T1070.006, T1027, T1124, T1082, T1082, T1560"
55c2b8273385d3a14d5fbcca6209a31a040238c656b7f45f217469f412d4e28c,TrickBot,abuse_ch,success,59/76,1632930812.0,1699315637.0,16,5,2,374,38,13,19,14,14,"T1027, T1083, T1012, T1056.001, T1129, T1497.001, T1106, T1055, T1562.001, T1089, T1518.001, T1063, T1057, T1082",9,"UNKNOWN_BEHAVIOUR, DIRECT_CPU_CLOCK_ACCESS, CHECKS_USER_INPUT, CHECKS_NETWORK_ADAPTERS, LONG_SLEEPS, RUNTIME_MODULES, CHECKS_CPU_NAME, PERSISTENCE, DETECT_DEBUG_ENVIRONMENT",2025-11-10T18:48:16.386133+00:00,,"T1027, T1083, T1012, T1027, T1027, T1056.001, T1129, T1497.001, T1106, T1055, T1055, T1055, T1055, T1562.001, T1518.001, T1057, T1082, T1082, T1082, T1082"
4fb203958dc23dba23634f6f5356931bfc221e22bed0a184cd73153fca697a51,Heodo,atomiczsec,success,41/76,1676042997.0,1754438495.0,55,16,1,140,6,7,15,10,16,"T1064, T1071, T1036, T1202, T1137, T1059.005, T1105, T1203, T1574.002, T1574.001, T1083, T1082, T1573, T1024, T1095, T1094",1,CALLS_WMI,2025-11-10T18:48:16.388855+00:00,,"T1064, T1071, T1036, T1071, T1071, T1202, T1137, T1059.005, T1059.005, T1202, T1071, T1105, T1059.005, T1202, T1064, T1064, T1203, T1203, T1203, T1203, T1203, T1574.002, T1036, T1083, T1082, T1082, T1573, T1573, T1095, T1095, T1095, T1071, T1071, T1071, T1071, T1071, T1105, T1105, T1105"
deb96eeb98aa7a0549027dadfafd5d3ebbce2006d4ad2272683ea82911026d79,all_7_families,JAMESWT_WT,success,55/76,1697373313.0,1755205246.0,0,0,0,0,1,0,2,0,5,"T1027, T1129, T1045, T1027.002, T1057",0,,2025-11-10T18:48:16.390081+00:00,,"T1027, T1129, T1027, T1045, T1027, T1129, T1027, T1057"
08039481f17de1a125763d6dadc9a91615fa027ad42a4f42d886b94063a94822,Emotet,Cryptolaemus1,success,56/81,1673906427.0,1740203385.0,2,2,2,1,0,41,5,0,6,"T1027, T1057, T1143, T1564.003, T1096, T1564.004",0,,2025-11-10T18:48:16.390757+00:00,,"T1027, T1027, T1027, T1027, T1057, T1143, T1096"
a7c43d80a03dbf6586aed2d4cca44a191858e4c6192c2ccafc330dc0014578e6,Adware.PushWare,NIXLovesCooper,success,36/76,1701496763.0,1756354928.0,9,24,4,20,12,12,4,10,46,"T1547.009, T1023, T1027, T1083, T1140, T1129, T1213, T1614.001, T1497.001, T1082, T1057, T1497.002, T1016, T1012, T1614, T1547.001, T1060, T1564.003, T1143, T1056.001, T1027.005, T1066, T1059, T1055, T1070.006, T1099, T1070, T1497, T1027.002, T1045, T1071, T1095, T1094, T1198, T1553.003, T1119, T1027.009, T1063, T1518.001, T1036, T1560, T1022, T1573, T1024, T1571, T1065",4,"OBFUSCATED, DETECT_DEBUG_ENVIRONMENT, LONG_SLEEPS, CHECKS_DISK_SPACE",2025-11-10T18:48:16.391372+00:00,,"T1547.009, T1027, T1083, T1083, T1140, T1129, T1027, T1213, T1614.001, T1027, T1497.001, T1027, T1027, T1082, T1082, T1129, T1057, T1027, T1082, T1027, T1082, T1497.002, T1082, T1614.001, T1016, T1497.001, T1012, T1614, T1083, T1027, T1083, T1082, T1547.001, T1564.003, T1056.001, T1083, T1027, T1027.005, T1129, T1059, T1012, T1083, T1129, T1027, T1082, T1055, T1070.006, T1070.006, T1070.006, T1070, T1070, T1070, T1497, T1027, T1027.002, T1082, T1057, T1071, T1071, T1071, T1129, T1095, T1198, T1198, T1129, T1140, T1045, T1071, T1071, T1082, T1119, T1027.009, T1063, T1036, T1497, T1497, T1497, T1518.001, T1518.001, T1057, T1082, T1082, T1082, T1560, T1573, T1571, T1071"
891403591d4738917f75065dd7500ab87eead7efb9d6ada3ff8922de11c740e0,RedLineStealer,JAMESWT_WT,success,57/76,1758210778.0,1761026525.0,14,4,1,32,6,10,3,1,45,"T1003, T1552, T1552.001, T1081, T1055, T1027, T1027.002, T1045, T1114, T1005, T1082, T1057, T1071, T1106, T1012, T1016, T1047, T1055.012, T1093, T1071.004, T1083, T1095, T1094, T1119, T1134, T1497.001, T1552.002, T1214, T1555.003, T1503, T1564.003, T1143, T1129, T1036, T1562.001, T1089, T1497, T1140, T1518.001, T1063, T1560, T1022, T1571, T1065, T1105",7,"DETECT_DEBUG_ENVIRONMENT, OBFUSCATED, CHECKS_NETWORK_ADAPTERS, CALLS_WMI, LONG_SLEEPS, PERSISTENCE, CHECKS_BIOS",2025-11-10T18:48:16.393310+00:00,,"T1003, T1552, T1552.001, T1055, T1055, T1027, T1027.002, T1114, T1005, T1082, T1057, T1071, T1071, T1071, T1071, T1106, T1005, T1005, T1005, T1005, T1005, T1005, T1005, T1012, T1012, T1012, T1012, T1012, T1012, T1016, T1016, T1027.002, T1027.002, T1047, T1047, T1055, T1055, T1055.012, T1057, T1071.004, T1082, T1082, T1082, T1082, T1082, T1083, T1083, T1083, T1095, T1119, T1119, T1119, T1119, T1119, T1119, T1119, T1134, T1497.001, T1552.001, T1552.001, T1552.002, T1552.002, T1552.002, T1552.002, T1555.003, T1564.003, T1129, T1129, T1564.003, T1057, T1045, T1057, T1082, T1047, T1047, T1047, T1047, T1055, T1055, T1055, T1036, T1562.001, T1497, T1497, T1497, T1497, T1497, T1140, T1027, T1027.002, T1003, T1003, T1552.002, T1518.001, T1518.001, T1518.001, T1518.001, T1057, T1016, T1083, T1082, T1082, T1082, T1082, T1082, T1114, T1560, T1005, T1005, T1571, T1105, T1095, T1071, T1071"
1f2f0fcf6f0870dd3ad85410d6a94a840c9ab5d89a003288ec5c77aae0a0d5f4,WikiLoader,pr0xylife,success,35/75,1697128899.0,1727643927.0,8,100,0,1,2,0,0,3,17,"T1059, T1543.003, T1031, T1055, T1036, T1218.011, T1085, T1562.001, T1089, T1497, T1518.001, T1063, T1057, T1083, T1082, T1560, T1022",3,"DETECT_DEBUG_ENVIRONMENT, LONG_SLEEPS, CHECKS_DISK_SPACE",2025-11-10T18:48:16.395498+00:00,,"T1059, T1059, T1543.003, T1055, T1036, T1218.011, T1562.001, T1497, T1497, T1497, T1497, T1497, T1497, T1497, T1518.001, T1518.001, T1518.001, T1518.001, T1057, T1083, T1082, T1082, T1082, T1082, T1560"
d1a785afd164bb2c5d932ada9920879984a7cc2b26ed8512828fda39b26dd2d1,SilentBuilder,pr0xylife,success,29/73,1638408463.0,1639866414.0,0,13,0,144,0,1,1,12,16,"T1047, T1203, T1055, T1036, T1562.001, T1089, T1497, T1083, T1082, T1114, T1571, T1065, T1095, T1094, T1071, T1105",3,"CALLS_WMI, DETECT_DEBUG_ENVIRONMENT, LONG_SLEEPS",2025-11-10T18:48:16.396919+00:00,,"T1047, T1047, T1203, T1203, T1203, T1203, T1055, T1036, T1562.001, T1497, T1083, T1082, T1082, T1082, T1114, T1571, T1095, T1071, T1105"
7665e793186c3c83ec2c2c69adaee5e81ec60d395d8714921352296a5ab88ae6,Gozi,anonymous,success,57/78,1696518225.0,1721354772.0,35,62,288,405,5,11,38,27,44,"T1027, T1129, T1089, T1562.001, T1562, T1071, T1071.001, T1112, T1057, T1143, T1564.003, T1045, T1027.002, T1119, T1081, T1552.001, T1083, T1005, T1185, T1056, T1179, T1056.004, T1012, T1214, T1552.002, T1063, T1518.001, T1047, T1059, T1055, T1014, T1036, T1497, T1070.004, T1107, T1003, T1010, T1018, T1016, T1082, T1114, T1105, T1095, T1094",6,"CHECKS_NETWORK_ADAPTERS, CALLS_WMI, DETECT_DEBUG_ENVIRONMENT, LONG_SLEEPS, PERSISTENCE, CHECKS_USER_INPUT",2025-11-10T18:48:16.397683+00:00,,"T1027, T1129, T1129, T1089, T1562, T1562.001, T1071, T1071.001, T1112, T1057, T1143, T1045, T1119, T1081, T1083, T1005, T1185, T1056, T1179, T1012, T1214, T1027, T1129, T1129, T1071, T1071, T1112, T1185, T1063, T1047, T1047, T1059, T1055, T1055, T1055, T1055, T1055, T1055, T1055, T1055, T1055, T1014, T1014, T1014, T1014, T1036, T1497, T1497, T1497, T1070.004, T1003, T1056.004, T1056.004, T1056.004, T1056, T1518.001, T1057, T1057, T1010, T1018, T1018, T1016, T1083, T1082, T1082, T1082, T1082, T1082, T1114, T1114, T1185, T1005, T1105, T1095, T1095, T1095, T1071, T1071, T1071, T1071"
fe5bcaeebd1b1ec308d5b4315f78912801ca049ec1293e632ad06d71f72e56d3,Loki,Racco42,success,67/76,1731616241.0,1755443244.0,4,17,19,4,2,5,21,7,39,"T1027, T1129, T1027.005, T1066, T1134, T1555.003, T1503, T1555, T1003, T1552, T1552.001, T1081, T1114, T1005, T1082, T1057, T1012, T1071, T1027.002, T1045, T1119, T1083, T1214, T1552.002, T1217, T1105, T1107, T1070.004, T1070, T1574.002, T1574.001, T1036, T1497, T1056, T1518.001, T1063, T1185, T1095, T1094",4,"OBFUSCATED, CHECKS_USER_INPUT, DETECT_DEBUG_ENVIRONMENT, LONG_SLEEPS",2025-11-10T18:48:16.400399+00:00,,"T1027, T1129, T1027.005, T1134, T1129, T1555.003, T1555, T1555, T1555, T1555, T1555, T1555, T1027, T1003, T1555, T1552, T1555.003, T1552.001, T1114, T1005, T1082, T1057, T1012, T1071, T1027, T1027.002, T1082, T1012, T1119, T1081, T1083, T1005, T1214, T1217, T1003, T1134, T1071, T1105, T1129, T1045, T1107, T1070, T1082, T1119, T1081, T1082, T1012, T1119, T1081, T1119, T1081, T1082, T1129, T1082, T1129, T1574.002, T1036, T1497, T1497, T1003, T1003, T1056, T1552.002, T1518.001, T1083, T1082, T1082, T1082, T1082, T1114, T1185, T1005, T1005, T1105, T1105, T1095, T1095, T1071, T1071, T1071, T1071"
e19ae4ea423a7210e27c0c58deb9ae5a77d1d9c8a4020051210290c53e69bebf,Dridex,SecuriteInfoCom,success,56/76,1639767863.0,1741673235.0,133,0,0,0,0,0,0,0,0,,0,,2025-11-10T18:48:16.405238+00:00,,
0cad204b7b1977deedab017724f427459c001618f6566015ccde93a52dd8f470,AgentTesla,Vip5676,success,58/76,1757944287.0,1760508306.0,23,7,0,24,4,6,0,0,39,"T1620, T1027, T1082, T1012, T1113, T1140, T1083, T1112, T1222, T1497.001, T1047, T1033, T1087, T1106, T1027.002, T1045, T1053.005, T1056, T1071.004, T1095, T1094, T1119, T1129, T1134, T1518.001, T1063, T1546.010, T1103, T1547.001, T1060, T1562.001, T1089, T1564.003, T1143, T1571, T1065, T1057, T1497, T1071",5,"DETECT_DEBUG_ENVIRONMENT, CALLS_WMI, LONG_SLEEPS, CHECKS_MEMORY_AVAILABLE, IDLE",2025-11-10T18:48:16.406079+00:00,,"T1620, T1027, T1082, T1082, T1012, T1113, T1140, T1083, T1112, T1083, T1222, T1497.001, T1012, T1047, T1620, T1083, T1033, T1087, T1082, T1106, T1012, T1027.002, T1027.002, T1047, T1047, T1047, T1047, T1053.005, T1053.005, T1056, T1071.004, T1082, T1082, T1082, T1095, T1112, T1112, T1113, T1119, T1129, T1134, T1497.001, T1518.001, T1546.010, T1547.001, T1562.001, T1564.003, T1571, T1129, T1129, T1057, T1057, T1063, T1129, T1063, T1012, T1082, T1047, T1562.001, T1497, T1497, T1027.002, T1518.001, T1082, T1113, T1071"
7329669d8afc510a838f43ca91821e5b01c157fb397f1f347490b4e028bbf6eb,TrickBot,abuse_ch,success,58/74,1633711441.0,1712833548.0,26,9,2,354,24,19,17,13,19,"T1064, T1106, T1055, T1562.001, T1089, T1518.001, T1063, T1012, T1057, T1018, T1016, T1083, T1082, T1573, T1024, T1105, T1095, T1094, T1071",7,"DIRECT_CPU_CLOCK_ACCESS, CHECKS_USER_INPUT, CHECKS_NETWORK_ADAPTERS, RUNTIME_MODULES, PERSISTENCE, DETECT_DEBUG_ENVIRONMENT, LONG_SLEEPS",2025-11-10T18:48:16.408254+00:00,,"T1064, T1106, T1055, T1055, T1055, T1055, T1562.001, T1518.001, T1012, T1057, T1018, T1016, T1083, T1082, T1082, T1082, T1082, T1573, T1573, T1105, T1095, T1095, T1071, T1071, T1071"
39b544bd9338d4f01de2998d00ef6a56a4613001cda5289b8294049d9d8933fc,Heodo,JAMESWT_WT,success,31/73,1678284515.0,1709199926.0,0,0,0,0,0,0,0,0,0,,0,,2025-11-10T18:48:16.409543+00:00,,
377d60cd60f12500b9441db24aafbdfa4d9ee82e7c89ddd679e1a962b1119249,all_7_families,JAMESWT_WT,success,2/75,1630733851.0,1707510918.0,0,0,0,0,0,0,0,0,0,,0,,2025-11-10T18:48:16.410033+00:00,,
0b8682fe1ee1d9a8ad485452179e9c8651c682660591077e0fb7077e89af81bd,Emotet,zbetcheckin,success,53/81,1679003003.0,1740203392.0,300,5,4,2,0,35,0,1,32,"T1129, T1027, T1083, T1082, T1057, T1065, T1571, T1073, T1574.002, T1096, T1564.004, T1143, T1564.003, T1547.001, T1060, T1574.001, T1055, T1036, T1497, T1564.001, T1158, T1218.010, T1117, T1218.011, T1085, T1070.004, T1107, T1518.001, T1063, T1573, T1024, T1071",3,"PERSISTENCE, DETECT_DEBUG_ENVIRONMENT, LONG_SLEEPS",2025-11-10T18:48:16.410415+00:00,,"T1129, T1027, T1083, T1082, T1057, T1065, T1073, T1096, T1143, T1547.001, T1547.001, T1574.002, T1055, T1055, T1036, T1036, T1497, T1497, T1564.001, T1218.010, T1218.011, T1070.004, T1518.001, T1518.001, T1057, T1083, T1082, T1082, T1082, T1082, T1573, T1573, T1571, T1071"
7db604bd255978f51ad2143f335451744c4e1534469b31f65a0eb55a108db157,Adware.PushWare,NIXLovesCooper,success,28/76,1701497221.0,1757120372.0,3,23,15,6,5,8,4,7,29,"T1095, T1094, T1129, T1198, T1553.003, T1140, T1045, T1027.002, T1071, T1082, T1119, T1027.009, T1063, T1518.001, T1059, T1574.002, T1574.001, T1036, T1497, T1056, T1057, T1010, T1018, T1560, T1022, T1573, T1024, T1571, T1065",5,"CHECKS_USER_INPUT, DETECT_DEBUG_ENVIRONMENT, LONG_SLEEPS, CHECKS_DISK_SPACE, CHECKS_CPU_NAME",2025-11-10T18:48:16.412635+00:00,,"T1095, T1129, T1198, T1198, T1129, T1140, T1045, T1071, T1082, T1119, T1027.009, T1063, T1059, T1059, T1574.002, T1036, T1497, T1497, T1497, T1497, T1056, T1518.001, T1518.001, T1518.001, T1057, T1010, T1018, T1082, T1082, T1082, T1560, T1573, T1573, T1571, T1095, T1071, T1071"
268d8d0773f374ca2115ea390f21c9f8b35b3f26b6a5785597260ff6b7ec8f8e,RedLineStealer,pgiavaroto,success,11/74,1648044904.0,1677530133.0,0,0,0,0,0,0,0,0,0,,0,,2025-11-10T18:48:16.414023+00:00,,
f68d1f0f0d98e40cd449b394d503d508f4933bbd513bf543579fb787a6a2c878,Dridex,SecuriteInfoCom,success,56/76,1640185372.0,1741669273.0,128,10,8,27,0,0,0,4,9,"T1055, T1497, T1218.011, T1085, T1518.001, T1063, T1010, T1082, T1018",1,DETECT_DEBUG_ENVIRONMENT,2025-11-10T18:48:16.414505+00:00,,"T1055, T1055, T1497, T1497, T1218.011, T1518.001, T1010, T1082, T1082, T1082, T1018"
01c47b5968afdc923ec354bc78cfeb490d3733f8dab819eb610a6678e3d24fdb,AgentTesla,abuse_ch,success,31/76,1759862488.0,1761078419.0,0,0,0,0,0,0,0,0,0,,0,,2025-11-10T18:48:16.415133+00:00,,
435e34ae36e41d9bc0bc9ae051ef42c21721a826daa55d243eec6c007b8bcb35,TrickBot,zbetcheckin,success,54/76,1638883809.0,1738251919.0,0,0,0,0,0,0,0,0,0,,0,,2025-11-10T18:48:16.418050+00:00,,
6bdbcee2804eb7f3007fe8c0396944619a7652b4bd0149c4edd7d8a11aa4bbb4,Heodo,SecuriteInfoCom,success,62/76,1699528237.0,1737556787.0,24,48,64,53,5,19,50,19,31,"T1129, T1057, T1083, T1059, T1082, T1614, T1620, T1497.001, T1089, T1562.001, T1562, T1497, T1012, T1518, T1071, T1032, T1573, T1071.001, T1106, T1047, T1119, T1081, T1552.001, T1005, T1113, T1143, T1564.003, T1045, T1027.002, T1063, T1518.001",2,"SELF_DELETE, CHECKS_NETWORK_ADAPTERS",2025-11-10T18:48:16.419383+00:00,,"T1129, T1057, T1129, T1129, T1083, T1059, T1083, T1082, T1614, T1620, T1497.001, T1089, T1562, T1497, T1562.001, T1082, T1057, T1012, T1518, T1071, T1032, T1071.001, T1106, T1082, T1012, T1047, T1057, T1119, T1081, T1083, T1005, T1113, T1143, T1045, T1129, T1129, T1057, T1129, T1129, T1083, T1059, T1083, T1082, T1614, T1620, T1063"
bc977de2c812009947e6ae3fbcda2e1770b9b94789c2b486187c7a8af6d2f3ce,all_7_families,malware_traffic,success,43/76,1631544031.0,1755090577.0,18,30,13,499,3,6,21,24,1,T1064,4,"LONG_SLEEPS, UNKNOWN_BEHAVIOUR, DETECT_DEBUG_ENVIRONMENT, MACRO_RUN_FILE",2025-11-10T18:48:16.421785+00:00,,"T1064, T1064, T1064, T1064"
0e70671889e441e9926c6a731ce722797526a7ebf785d4c8cd5fa6ae671c8924,Emotet,Victas,success,57/76,1687659595.0,1742135983.0,7,9,19,4,6,14,5,3,19,"T1129, T1027.005, T1066, T1222, T1083, T1564, T1564.004, T1096, T1071, T1071.001, T1057, T1564.003, T1143, T1053, T1168, T1027.009, T1082, T1571, T1065",1,CHECKS_USER_INPUT,2025-11-10T18:48:16.423347+00:00,,"T1129, T1027.005, T1222, T1083, T1564, T1564.004, T1096, T1071, T1071.001, T1129, T1057, T1129, T1564.003, T1129, T1222, T1083, T1071, T1071, T1057, T1027.005, T1053, T1027.009, T1082, T1571"
42122a70abbf6b402febfb0a8ae1ccda5b1ef2d50216fa116f1821b42edae042,Adware.PushWare,NIXLovesCooper,success,24/76,1701499597.0,1757315752.0,3,21,15,13,5,9,4,6,29,"T1129, T1095, T1094, T1198, T1553.003, T1140, T1045, T1027.002, T1071, T1119, T1082, T1027.009, T1063, T1518.001, T1059, T1574.002, T1574.001, T1036, T1497, T1056, T1057, T1010, T1018, T1560, T1022, T1573, T1024, T1571, T1065",6,"CHECKS_NETWORK_ADAPTERS, CHECKS_USER_INPUT, DETECT_DEBUG_ENVIRONMENT, LONG_SLEEPS, CHECKS_DISK_SPACE, CHECKS_CPU_NAME",2025-11-10T18:48:16.424376+00:00,,"T1129, T1095, T1198, T1198, T1129, T1140, T1045, T1071, T1119, T1082, T1027.009, T1063, T1059, T1059, T1574.002, T1036, T1497, T1497, T1497, T1497, T1056, T1518.001, T1518.001, T1518.001, T1057, T1010, T1018, T1082, T1082, T1082, T1560, T1573, T1573, T1571, T1095, T1071, T1071"
b45e6199e46ebce59b94cc7116b7525720da356e007c15c7f79f9d3c7b0dd853,RedLineStealer,fabiodemartin,success,59/76,1758536225.0,1761113116.0,9,9,0,26,2,2,2,0,34,"T1003, T1552, T1552.001, T1081, T1055, T1027, T1027.002, T1045, T1114, T1005, T1082, T1057, T1071, T1106, T1012, T1016, T1047, T1055.012, T1093, T1071.004, T1083, T1095, T1094, T1119, T1134, T1497.001, T1552.002, T1214, T1555.003, T1503, T1564.003, T1143, T1129, T1140",3,"DETECT_DEBUG_ENVIRONMENT, OBFUSCATED, CHECKS_NETWORK_ADAPTERS",2025-11-10T18:48:16.425619+00:00,,"T1003, T1552, T1552.001, T1055, T1055, T1027, T1027.002, T1114, T1005, T1082, T1057, T1071, T1071, T1071, T1071, T1106, T1005, T1005, T1005, T1005, T1005, T1005, T1005, T1012, T1012, T1012, T1012, T1012, T1012, T1016, T1016, T1027.002, T1027.002, T1047, T1047, T1055, T1055, T1055.012, T1057, T1071.004, T1082, T1082, T1082, T1082, T1082, T1083, T1083, T1083, T1095, T1119, T1119, T1119, T1119, T1119, T1119, T1119, T1134, T1497.001, T1552.001, T1552.001, T1552.002, T1552.002, T1552.002, T1552.002, T1555.003, T1564.003, T1129, T1129, T1057, T1564.003, T1045, T1140, T1055, T1129, T1083, T1027, T1057, T1497.001, T1497.001"
41eb7384174f26a3e485574f75ae001a13301243849be3f6f840c70a166516a2,Loki,abuse_ch,success,67/76,1744180071.0,1758960054.0,5,21,17,6,4,10,24,5,34,"T1555.003, T1503, T1555, T1027, T1027.005, T1066, T1134, T1129, T1082, T1012, T1119, T1081, T1552.001, T1083, T1005, T1214, T1552.002, T1217, T1003, T1543.003, T1031, T1574.002, T1574.001, T1055, T1036, T1497, T1518.001, T1063, T1057, T1114, T1105, T1095, T1094, T1071",3,"DETECT_DEBUG_ENVIRONMENT, LONG_SLEEPS, PERSISTENCE",2025-11-10T18:48:16.426841+00:00,,"T1555.003, T1555, T1027, T1555, T1027.005, T1555, T1555, T1134, T1027, T1555, T1555, T1129, T1129, T1082, T1012, T1119, T1081, T1083, T1005, T1214, T1217, T1003, T1134, T1543.003, T1574.002, T1055, T1055, T1055, T1036, T1497, T1497, T1497, T1003, T1003, T1552.002, T1518.001, T1518.001, T1057, T1082, T1082, T1082, T1114, T1005, T1005, T1105, T1105, T1095, T1095, T1095, T1071, T1071, T1071, T1071, T1071"
7fb4c95a329b24e6ab6742747cf896ae5125599548d38388fcb887b3fb871339,Dridex,JAMESWT_WT,success,62/76,1647074012.0,1728360505.0,5,0,0,5,0,0,0,0,0,,0,,2025-11-10T18:48:16.428746+00:00,,
417ea7dfbd978d363746278088a7f3ed22d864d381ebdc6a7403b5003230e9da,AgentTesla,adrian__luca,success,56/76,1758203898.0,1760680897.0,3,2,1,0,4,8,0,0,25,"T1005, T1012, T1027.002, T1045, T1047, T1055, T1055.012, T1093, T1057, T1071.004, T1082, T1083, T1095, T1094, T1119, T1134, T1552.001, T1081, T1552.002, T1214, T1555.003, T1503, T1564.003, T1143, T1129",0,,2025-11-10T18:48:16.429459+00:00,,"T1005, T1005, T1005, T1005, T1005, T1005, T1005, T1012, T1012, T1012, T1012, T1012, T1012, T1027.002, T1027.002, T1047, T1047, T1055, T1055, T1055.012, T1057, T1071.004, T1082, T1082, T1082, T1082, T1083, T1083, T1083, T1095, T1119, T1119, T1119, T1119, T1119, T1119, T1119, T1134, T1552.001, T1552.001, T1552.002, T1552.002, T1552.002, T1552.002, T1555.003, T1564.003, T1095, T1129, T1057, T1129, T1564.003, T1045, T1057, T1082, T1081, T1119, T1081, T1119, T1081, T1119"
2586d4d0fb6798a84320492847b839815b787970c9f279acf1d1436780c40a3a,TrickBot,anonymous,success,51/72,1639672978.0,1705790857.0,9,42,32,301,32,34,55,26,24,"T1129, T1064, T1106, T1055, T1036, T1562.001, T1089, T1497, T1003, T1518.001, T1063, T1057, T1018, T1016, T1083, T1082, T1005, T1573, T1024, T1095, T1094, T1071, T1012, T1105",6,"DIRECT_CPU_CLOCK_ACCESS, CHECKS_NETWORK_ADAPTERS, RUNTIME_MODULES, DETECT_DEBUG_ENVIRONMENT, LONG_SLEEPS, PERSISTENCE",2025-11-10T18:48:16.430359+00:00,,"T1129, T1129, T1064, T1106, T1055, T1055, T1055, T1055, T1036, T1562.001, T1497, T1003, T1518.001, T1057, T1018, T1016, T1083, T1082, T1082, T1082, T1082, T1005, T1573, T1573, T1095, T1071, T1071, T1562.001, T1012, T1083, T1057, T1105, T1095, T1071"
ef503d5f5a41649720ea8bd5ed226aff3927ecd4c8fd80666ac2fda9d1c2e6cf,Heodo,byMattii1234,success,64/76,1600511339.0,1755878791.0,2,1,5,83,1,3,5,0,4,"T1057, T1129, T1063, T1518.001",0,,2025-11-10T18:48:16.434344+00:00,,"T1057, T1129, T1063"
c6d2842609ff7389bb35237b8d80194f03d0cc53107644b23beb356638ad27b6,all_7_families,JAMESWT_WT,success,54/76,1697316717.0,1756073036.0,0,0,0,0,1,0,2,0,4,"T1027, T1045, T1027.002, T1057",0,,2025-11-10T18:48:16.435501+00:00,,"T1027, T1045, T1027, T1057"
396e6e07928abd8a61b6cca0fd3b7cd09cf303c3211ec1333fc820159de8c42c,Emotet,jstrosch,success,1/76,1244133587.0,1759032073.0,1,1,0,9,0,0,0,1,8,"T1083, T1614, T1129, T1055, T1218.011, T1085, T1082, T1056",2,"IDLE, CHECKS_USER_INPUT",2025-11-10T18:48:16.436188+00:00,,"T1083, T1614, T1129, T1129, T1055, T1055, T1218.011, T1082, T1056"
9e3c70168c1f03c901fe44186b0be98af8f804b47cce40f81e9eda2e48df0acb,Adware.PushWare,NIXLovesCooper,success,21/76,1701497308.0,1756416085.0,0,0,0,4,3,2,4,0,17,"T1095, T1094, T1129, T1198, T1553.003, T1140, T1045, T1027.002, T1071, T1119, T1082, T1056, T1179, T1056.004, T1027.009, T1063, T1518.001",0,,2025-11-10T18:48:16.437154+00:00,,"T1095, T1129, T1198, T1198, T1129, T1140, T1045, T1071, T1119, T1082, T1056, T1179, T1027.009, T1063"
58d4bc9689c2a09045653e7437363523b4e67221088ee7a0d46b0a7c918c2077,RedLineStealer,JAMESWT_WT,success,45/76,1758536183.0,1760853745.0,13,7,0,32,3,1,1,0,20,"T1003, T1552, T1552.001, T1081, T1055, T1114, T1005, T1082, T1057, T1071, T1106, T1562.001, T1089, T1497, T1027.002, T1045, T1140, T1027, T1560, T1022",4,"DETECT_DEBUG_ENVIRONMENT, CHECKS_NETWORK_ADAPTERS, LONG_SLEEPS, OBFUSCATED",2025-11-10T18:48:16.437909+00:00,,"T1003, T1552, T1552.001, T1055, T1055, T1114, T1005, T1082, T1057, T1071, T1071, T1071, T1071, T1106, T1562.001, T1497, T1497, T1027.002, T1140, T1027, T1082, T1082, T1560"
f7ec2c9703f551dda92a7c043b302c5bab26a4f91683f94cdfe789b54b5a9437,AgentTesla,pr0xylife,success,62/76,1628397066.0,1761806247.0,1,3,0,368,1,1,2,6,35,"T1056.001, T1057, T1518, T1012, T1105, T1027, T1083, T1140, T1112, T1222, T1082, T1620, T1047, T1614.001, T1113, T1005, T1027.002, T1045, T1055, T1056, T1056.004, T1179, T1071.004, T1095, T1094, T1119, T1134, T1552.001, T1081, T1552.002, T1214, T1555.003, T1503, T1567, T1129",1,DETECT_DEBUG_ENVIRONMENT,2025-11-10T18:48:16.439293+00:00,,"T1056.001, T1057, T1518, T1012, T1105, T1027, T1083, T1083, T1057, T1140, T1057, T1112, T1222, T1027, T1027, T1083, T1082, T1620, T1057, T1047, T1614.001, T1083, T1083, T1113, T1082, T1027, T1082, T1012, T1056.001, T1083, T1005, T1005, T1005, T1005, T1005, T1005, T1005, T1012, T1012, T1012, T1012, T1012, T1027.002, T1047, T1047, T1055, T1056, T1056.001, T1056.004, T1057, T1071.004, T1082, T1082, T1082, T1082, T1083, T1083, T1083, T1083, T1095, T1119, T1119, T1119, T1119, T1119, T1119, T1119, T1119, T1134, T1552.001, T1552.001, T1552.001, T1552.002, T1552.002, T1552.002, T1555.003, T1567, T1129, T1129, T1057, T1057, T1056, T1179, T1082, T1119, T1081, T1119, T1081, T1119, T1081"
d418e24f1da80e970160a4192050392dbf3e50a89458f46dbbd753423ebdbbde,TrickBot,zbetcheckin,success,52/75,1635833135.0,1690311041.0,8,5,13,290,23,12,14,12,24,"T1027.005, T1066, T1027, T1222, T1056.001, T1614, T1129, T1083, T1012, T1064, T1106, T1055, T1562.001, T1089, T1518.001, T1063, T1057, T1082, T1018, T1573, T1024, T1095, T1094, T1071",7,"DIRECT_CPU_CLOCK_ACCESS, CHECKS_USER_INPUT, CHECKS_NETWORK_ADAPTERS, LONG_SLEEPS, RUNTIME_MODULES, PERSISTENCE, DETECT_DEBUG_ENVIRONMENT",2025-11-10T18:48:16.441529+00:00,,"T1027.005, T1027, T1222, T1056.001, T1614, T1056.001, T1129, T1083, T1083, T1012, T1064, T1106, T1055, T1055, T1055, T1055, T1562.001, T1518.001, T1057, T1083, T1082, T1082, T1082, T1082, T1018, T1573, T1573, T1095, T1071, T1071"
080672b68abf1f03ace8f820214e8fe1efd2b9d84e03f79658b0351e78c8aa1c,Heodo,TeamDreier,success,41/76,1678937378.0,1756332975.0,0,1,0,0,1,0,5,1,9,"T1129, T1140, T1027.009, T1057, T1060, T1547.001, T1050, T1543.003, T1112",0,,2025-11-10T18:48:16.443055+00:00,,"T1129, T1140, T1027.009, T1057, T1060, T1050, T1112"
ed493db03ed0a43ee059026fadbfccb26cde4b3d71610073e09adcaa173a6c1f,all_7_families,malware_traffic,success,42/76,1631543428.0,1755274107.0,20,46,16,526,2,3,3,38,21,"T1539, T1082, T1071, T1573, T1024, T1106, T1059, T1064, T1036, T1548, T1221, T1496, T1203, T1574.002, T1574.001, T1562.001, T1089, T1518.001, T1063, T1083, T1114",3,"DETECT_DEBUG_ENVIRONMENT, CALLS_WMI, MACRO_RUN_FILE",2025-11-10T18:48:16.443666+00:00,,"T1539, T1082, T1071, T1573, T1106, T1059, T1064, T1036, T1548, T1221, T1496, T1064, T1064, T1064, T1064, T1203, T1574.002, T1036, T1036, T1562.001, T1518.001, T1083, T1082, T1082, T1082, T1082, T1082, T1114"
cdc057b7c772e3ac5f6074b374c0c7fd7903ca5aa3fa19e45ef9c4921e11c89c,Emotet,jstrosch,success,62/77,1669881312.0,1742409382.0,2,6,2,4,0,57,4,1,28,"T1027, T1140, T1497.001, T1547.001, T1060, T1574.002, T1574.001, T1055, T1036, T1497, T1564.001, T1158, T1218.010, T1117, T1218.011, T1085, T1070.004, T1107, T1518.001, T1063, T1057, T1083, T1082, T1573, T1024, T1571, T1065, T1071",3,"PERSISTENCE, DETECT_DEBUG_ENVIRONMENT, LONG_SLEEPS",2025-11-10T18:48:16.445480+00:00,,"T1027, T1140, T1497.001, T1547.001, T1547.001, T1574.002, T1055, T1055, T1055, T1036, T1036, T1036, T1497, T1497, T1564.001, T1218.010, T1218.011, T1070.004, T1518.001, T1518.001, T1057, T1083, T1082, T1082, T1082, T1082, T1573, T1573, T1571, T1071, T1071"
9b511e0198dec0c5ad53e512c13a88408effb455a8c1b857ee63436408f8e24a,Adware.PushWare,NIXLovesCooper,success,25/76,1701497211.0,1757318493.0,0,0,0,0,3,2,4,0,17,"T1129, T1095, T1094, T1198, T1553.003, T1140, T1045, T1027.002, T1071, T1082, T1119, T1056, T1179, T1056.004, T1027.009, T1063, T1518.001",0,,2025-11-10T18:48:16.449264+00:00,,"T1129, T1095, T1198, T1198, T1140, T1045, T1071, T1082, T1119, T1056, T1179, T1027.009, T1063"
7553c451f8bc7159aaf5afcc364090428f512068a0b68701ffc31e8e11c31502,TrickBot,cocaman,success,29/81,1670667565.0,1740201047.0,0,0,0,84,1,0,0,0,0,,0,,2025-11-10T18:48:16.450111+00:00,,
1abd799ba4bfee25737243568ae048c0b50f1892b41d7e0f7b3c3af8410babde,Heodo,JAMESWT_WT,success,29/76,1687934730.0,1760607085.0,3,17,8,0,2,1,0,1,21,"T1082, T1083, T1129, T1027, T1059, T1564, T1055, T1064, T1564.003, T1143, T1071, T1106, T1059.001, T1086, T1057, T1063, T1518.001, T1218.011, T1085, T1497, T1010",3,"DETECT_DEBUG_ENVIRONMENT, MACRO_POWERSHELL, LONG_SLEEPS",2025-11-10T18:48:16.450743+00:00,,"T1082, T1083, T1129, T1027, T1027, T1059, T1083, T1083, T1564, T1055, T1064, T1564.003, T1082, T1071, T1106, T1059, T1059.001, T1129, T1129, T1086, T1027, T1564.003, T1129, T1057, T1564.003, T1057, T1086, T1059, T1063, T1059.001, T1218.011, T1497, T1497, T1497, T1518.001, T1057, T1010, T1083, T1082, T1082"
7d82104c8f7ee68dcc8d14cccd87f5414e8de08f252f4667482a75edda76926a,all_7_families,malware_traffic,success,42/76,1631562415.0,1754638979.0,12,27,11,546,2,1,4,31,10,"T1064, T1203, T1036, T1562.001, T1089, T1518.001, T1063, T1083, T1082, T1114",3,"DETECT_DEBUG_ENVIRONMENT, CALLS_WMI, MACRO_RUN_FILE",2025-11-10T18:48:16.452086+00:00,,"T1064, T1064, T1064, T1064, T1203, T1036, T1036, T1562.001, T1518.001, T1083, T1082, T1082, T1082, T1082, T1114"
3b63193b80192cb258d434e8e9ad61f221c25c6603a6c92fc6ccee5c18f7dfd7,Emotet,anonymous,success,64/76,1606741393.0,1749205356.0,10,3,9,136,1,11,0,20,23,"T1027, T1129, T1012, T1112, T1569.002, T1035, T1543.003, T1031, T1622, T1083, T1553.005, T1045, T1027.002, T1057, T1065, T1571, T1020, T1096, T1564.004, T1050, T1143, T1564.003, T1071",4,"DIRECT_CPU_CLOCK_ACCESS, CHECKS_USER_INPUT, CHECKS_NETWORK_ADAPTERS, RUNTIME_MODULES",2025-11-10T18:48:16.454090+00:00,,"T1027, T1027, T1129, T1012, T1112, T1129, T1027, T1027, T1129, T1012, T1112, T1129, T1569.002, T1543.003, T1622, T1083, T1553.005, T1045, T1057, T1065, T1020, T1096, T1050, T1143, T1071"
b1183c3ff8b058d34e49369d108f00e9dfcc1e29426bb6e3a4db4eb2c5e7aecd,Heodo,anonymous,success,53/74,1668189346.0,1684694227.0,4,2,0,1,0,36,0,0,4,"T1027, T1027.005, T1066, T1129",0,,2025-11-10T18:48:16.455534+00:00,,"T1027, T1027.005, T1129, T1129"
9daf33d2d3b122f8caccbca555164e11046957ed0af5afbb2b243a292d6f2de2,all_7_families,malware_traffic,success,42/76,1631562378.0,1754996884.0,13,13,3,383,2,1,3,22,1,T1064,2,"LONG_SLEEPS, DETECT_DEBUG_ENVIRONMENT",2025-11-10T18:48:16.456192+00:00,,T1064
fa11e21144149812a1c61c9bf7f8351753aed2348075ced4d6b479e850474969,Emotet,jstrosch,success,65/81,1670292017.0,1740203388.0,0,5,2,4,0,61,2,1,25,"T1027, T1129, T1083, T1082, T1547.001, T1060, T1574.002, T1574.001, T1055, T1036, T1497, T1564.001, T1158, T1218.010, T1117, T1218.011, T1085, T1070.004, T1107, T1518.001, T1063, T1057, T1573, T1024, T1071",3,"PERSISTENCE, DETECT_DEBUG_ENVIRONMENT, LONG_SLEEPS",2025-11-10T18:48:16.457334+00:00,,"T1027, T1129, T1083, T1082, T1547.001, T1547.001, T1574.002, T1055, T1055, T1055, T1036, T1036, T1497, T1497, T1564.001, T1218.010, T1218.011, T1070.004, T1518.001, T1518.001, T1057, T1083, T1082, T1082, T1082, T1082, T1573, T1573, T1071, T1071, T1036"
5d4ad6640ec2846c1dfb439108cfad160beb850a541ec00980c20fc36e0944dc,Emotet,SecuriteInfoCom,success,2/76,1356233608.0,1759035678.0,41,88,24,609,5,6,6,12,36,"T1129, T1027, T1564.003, T1143, T1012, T1016, T1083, T1547.001, T1060, T1059, T1614.001, T1134, T1082, T1529, T1112, T1539, T1071, T1198, T1553.003, T1140, T1045, T1027.002, T1057, T1091, T1574.002, T1574.001, T1038, T1036, T1562.001, T1089, T1070.004, T1107, T1056, T1518.001, T1063, T1120",3,"CHECKS_USER_INPUT, CHECKS_USB_BUS, DETECT_DEBUG_ENVIRONMENT",2025-11-10T18:48:16.458090+00:00,,"T1129, T1027, T1564.003, T1027, T1129, T1012, T1016, T1083, T1547.001, T1059, T1614.001, T1083, T1134, T1082, T1082, T1529, T1112, T1027, T1539, T1082, T1071, T1129, T1198, T1198, T1129, T1140, T1045, T1027, T1564.003, T1027, T1129, T1129, T1012, T1016, T1083, T1059, T1547.001, T1614.001, T1083, T1529, T1082, T1134, T1082, T1112, T1027, T1071, T1057, T1091, T1547.001, T1574.002, T1574.001, T1574.001, T1036, T1036, T1036, T1036, T1036, T1562.001, T1070.004, T1056, T1518.001, T1057, T1120, T1120, T1083, T1082, T1082, T1082"
339d09a73181fe54bc53b60e1133fc8a344b4a2174296fc5a80a4c5de47fa2ad,Loki,adrian__luca,success,57/76,1747882963.0,1756155739.0,24,141,125,27,5,9,14,3,42,"T1027.002, T1045, T1003, T1555, T1552, T1555.003, T1503, T1552.001, T1081, T1014, T1542.003, T1067, T1564, T1055, T1542, T1027, T1564.001, T1158, T1082, T1012, T1071, T1005, T1496, T1083, T1105, T1119, T1134, T1143, T1564.003, T1214, T1552.002, T1217, T1574.002, T1574.001, T1036, T1497, T1518.001, T1063, T1057, T1114, T1095, T1094",3,"OBFUSCATED, DETECT_DEBUG_ENVIRONMENT, LONG_SLEEPS",2025-11-10T18:48:16.460382+00:00,,"T1027.002, T1027.002, T1003, T1555, T1552, T1555.003, T1552.001, T1014, T1542.003, T1564, T1055, T1542, T1027, T1027.002, T1564.001, T1082, T1012, T1071, T1005, T1496, T1003, T1005, T1012, T1045, T1071, T1081, T1082, T1083, T1105, T1119, T1134, T1143, T1214, T1217, T1574.002, T1055, T1055, T1055, T1055, T1036, T1497, T1497, T1027, T1027.002, T1027.002, T1003, T1003, T1552.002, T1518.001, T1057, T1082, T1082, T1082, T1114, T1005, T1005, T1105, T1105, T1095, T1095, T1095, T1071, T1071, T1071, T1071"
ae2669203764ff3bf46e5b3bd9b5582af63b9544f80114624331e07a3b03b80a,Dridex,zbetcheckin,success,58/76,1640017507.0,1741675900.0,1,0,0,0,0,0,0,0,0,,0,,2025-11-10T18:48:16.465655+00:00,,
f69168160d39ed0a0e39f66e0eba4eefbce5f7a7358d33943784547b4d52c291,AgentTesla,adrian__luca,success,55/76,1758863592.0,1761458623.0,24,17,1,32,2,3,0,2,33,"T1047, T1027, T1083, T1620, T1140, T1082, T1003, T1552, T1552.001, T1081, T1055, T1112, T1114, T1005, T1547, T1547.001, T1060, T1057, T1071, T1106, T1129, T1564.003, T1143, T1089, T1562.001, T1119, T1064, T1036, T1497, T1552.002, T1214, T1518.001, T1063",7,"SMTP_COMMUNICATION, DETECT_DEBUG_ENVIRONMENT, PERSISTENCE, CALLS_WMI, LONG_SLEEPS, CHECKS_NETWORK_ADAPTERS, CHECKS_BIOS",2025-11-10T18:48:16.466413+00:00,,"T1047, T1027, T1083, T1620, T1140, T1620, T1083, T1027, T1082, T1003, T1552, T1552.001, T1055, T1055, T1112, T1114, T1005, T1547, T1547.001, T1082, T1057, T1071, T1071, T1071, T1071, T1071, T1106, T1129, T1129, T1057, T1564.003, T1057, T1089, T1082, T1081, T1119, T1081, T1119, T1081, T1119, T1071, T1064, T1064, T1064, T1047, T1047, T1047, T1047, T1547.001, T1547.001, T1036, T1112, T1562.001, T1497, T1497, T1497, T1497, T1003, T1003, T1552.002, T1518.001, T1518.001, T1057, T1083, T1082, T1082, T1082, T1082, T1082, T1114, T1005, T1005, T1071"
405c61f58771683f3c8091373a7ed4012885a09407300913aec1d8121b624f78,TrickBot,SecuriteInfoCom,success,37/76,1630714586.0,1754705212.0,7,24,7,126,6,6,5,1,0,,2,"LONG_SLEEPS, UNKNOWN_BEHAVIOUR",2025-11-10T18:48:16.468738+00:00,,
98b9bd9da1ad5c48dc82f3c7152494217823514b5fc6d5b8e53b9b5a8dec5f7a,Heodo,UkyKnight,success,51/76,1679347254.0,1755194508.0,2,1,2,0,0,0,0,0,6,"T1027, T1057, T1096, T1564.004, T1143, T1564.003",0,,2025-11-10T18:48:16.470192+00:00,,"T1027, T1027, T1057, T1096, T1143"
2eabb43086cb08d8bc852aeef8b71f6805ee050f51de63c84a9a03f92de3635a,all_7_families,ankit_anubhav,success,22/75,1637647407.0,1750854082.0,143,22,166,0,44,46,0,0,8,"T1071, T1036, T1518.001, T1063, T1573, T1024, T1095, T1094",0,,2025-11-10T18:48:16.470985+00:00,,"T1071, T1036, T1036, T1518.001, T1573, T1573, T1095, T1071, T1071"
ef246ba750950b98b7b42d1251a6b0846457d2ecf656b495e82baf09911ddafd,Emotet,byMattii1234,success,57/76,1598225993.0,1759295861.0,4,6,1,119,3,3,10,19,11,"T1057, T1045, T1027.002, T1564.003, T1143, T1222, T1113, T1056.001, T1129, T1083, T1012",0,,2025-11-10T18:48:16.471987+00:00,,"T1057, T1045, T1564.003, T1222, T1113, T1056.001, T1129, T1083, T1012"
bff22c83a53c9520a898473d80cc9125e2c222846c72e4b352409b7b0ef50eba,Gozi,JAMESWT_WT,success,31/76,1696908093.0,1753365812.0,0,0,0,0,0,0,0,0,0,,0,,2025-11-10T18:48:16.472859+00:00,,
392a7193b12c6795fb239cff20c5310e1b3b4a3a24538b17d94870a97441cfe8,Loki,threatcat_ch,success,56/76,1738744670.0,1749293516.0,13,154,121,2,6,13,6,4,58,"T1129, T1564.003, T1143, T1027, T1222, T1134, T1056.001, T1012, T1083, T1010, T1082, T1033, T1087, T1614.001, T1134.001, T1057, T1518, T1529, T1547.009, T1023, T1105, T1115, T1113, T1016, T1112, T1497.002, T1059, T1003, T1555, T1552, T1555.003, T1503, T1552.001, T1081, T1014, T1542.003, T1067, T1564, T1055, T1542, T1564.001, T1158, T1114, T1005, T1071, T1496, T1063, T1518.001, T1574.002, T1574.001, T1036, T1497, T1552.002, T1214, T1018, T1185, T1095, T1094",2,"DETECT_DEBUG_ENVIRONMENT, LONG_SLEEPS",2025-11-10T18:48:16.473344+00:00,,"T1129, T1564.003, T1027, T1222, T1134, T1056.001, T1012, T1083, T1056.001, T1010, T1082, T1129, T1033, T1087, T1082, T1614.001, T1082, T1082, T1082, T1010, T1027, T1129, T1134, T1134.001, T1083, T1083, T1057, T1518, T1083, T1033, T1529, T1082, T1082, T1547.009, T1083, T1105, T1115, T1115, T1115, T1113, T1083, T1016, T1112, T1112, T1012, T1497.002, T1059, T1003, T1555, T1552, T1555.003, T1552.001, T1014, T1542.003, T1564, T1055, T1542, T1564.001, T1114, T1005, T1082, T1012, T1071, T1496, T1129, T1129, T1057, T1063, T1574.002, T1055, T1055, T1055, T1055, T1036, T1497, T1497, T1003, T1003, T1552.002, T1518.001, T1057, T1018, T1083, T1082, T1082, T1082, T1082, T1114, T1185, T1005, T1005, T1105, T1105, T1095, T1095, T1095, T1071, T1071, T1071, T1071"
6712500bb0de148a99ec940160d3d61850e2ce3803adca8f39e9fa8621b8ea6f,Dridex,OSimao,success,61/77,1585093971.0,1742735558.0,15,63,71,198,0,0,0,103,13,"T1203, T1055, T1014, T1036, T1497, T1027.002, T1045, T1027, T1056.004, T1179, T1012, T1057, T1082",2,"DETECT_DEBUG_ENVIRONMENT, LONG_SLEEPS",2025-11-10T18:48:16.475660+00:00,,"T1203, T1055, T1055, T1055, T1014, T1036, T1497, T1027.002, T1027.002, T1027, T1056.004, T1012, T1057, T1082, T1082, T1082, T1082"
0ff83c37f9a4581457831ecbe06fa4907cc6ab864e9e0597f55cd1fc9f2a1fd3,AgentTesla,cocaman,success,43/76,1756278377.0,1759045422.0,0,0,0,0,0,0,0,0,0,,0,,2025-11-10T18:48:16.477049+00:00,,
