hash,family,source,status,detection_ratio,first_seen,last_seen,processes_count,files_written_count,files_deleted_count,registry_keys_set_count,dns_lookups_count,ip_connections_count,http_requests_count,mutexes_count,mitre_techniques_count,mitre_techniques,collected_date
a20e438a9763f8d6ede0bd1318a53e57994325c53b5fad3dbd6d7430f8472d94,AgentTesla,cocaman,success,56/76,1759305298,1760201855,0,0,0,0,0,0,0,0,0,,2025-11-20T23:11:17.912845+00:00
5d4ad6640ec2846c1dfb439108cfad160beb850a541ec00980c20fc36e0944dc,Emotet,SecuriteInfoCom,success,2/76,1356233608,1759035678,0,0,0,0,0,0,0,0,0,,2025-11-20T23:11:51.213759+00:00
b1183c3ff8b058d34e49369d108f00e9dfcc1e29426bb6e3a4db4eb2c5e7aecd,Heodo,anonymous,success,53/74,1668189346,1684694227,0,0,0,0,0,0,0,0,0,,2025-11-20T23:12:24.498681+00:00
bc977de2c812009947e6ae3fbcda2e1770b9b94789c2b486187c7a8af6d2f3ce,all_7_families,malware_traffic,success,43/76,1631544031,1755090577,0,0,0,0,0,0,0,0,0,,2025-11-20T23:12:57.952202+00:00
ae44cfb5daa272b11b29f5f69272d36aec1c24777e47b8809f1f14cea6e8251a,TrickBot,zbetcheckin,success,41/72,1638929433,1639109457,0,0,0,0,0,0,0,0,0,,2025-11-20T23:13:31.372573+00:00
e19ae4ea423a7210e27c0c58deb9ae5a77d1d9c8a4020051210290c53e69bebf,Dridex,SecuriteInfoCom,success,56/76,1639767863,1741673235,0,0,0,0,0,0,0,0,0,,2025-11-20T23:14:04.132799+00:00
fe5bcaeebd1b1ec308d5b4315f78912801ca049ec1293e632ad06d71f72e56d3,Loki,Racco42,success,67/76,1731616241,1755443244,0,0,0,0,0,0,0,0,0,,2025-11-20T23:14:37.277217+00:00
f59b112154fa7b5d054be2543b3ece90ba0c1eb828edc2636602368f2213aadc,Gozi,viuleeenz,success,58/76,1688494867,1755223283,0,0,0,0,0,0,0,0,0,,2025-11-20T23:15:10.296264+00:00
d88037ea620fb8de5a48985676340ccfc8c79e508e52e6ca297edd3972ae9d43,Adware.PushWare,NIXLovesCooper,success,27/76,1701496753,1756900668,0,0,0,0,0,0,0,0,0,,2025-11-20T23:15:43.680940+00:00
b45e6199e46ebce59b94cc7116b7525720da356e007c15c7f79f9d3c7b0dd853,RedLineStealer,fabiodemartin,success,59/76,1758536225,1761113116,0,0,0,0,0,0,0,0,0,,2025-11-20T23:16:16.253411+00:00
d49c2e47c8e14cc01f0a362293c613ea9604e532ff77b879d69895473dfbeb03,WikiLoader,k3dg3,success,31/76,1689091037,1756910996,0,0,0,0,0,0,0,0,0,,2025-11-20T23:16:48.925184+00:00
d25a928416c3614b40c4c57447023f53fa5cc4d4bd5dee5fc68a7e8cbc52d7cb,SilentBuilder,ffforward,success,29/76,1638378035,1757569518,0,0,0,0,0,0,0,0,0,,2025-11-20T23:17:21.772731+00:00
98f8aa235cf07d4e6fe52c1ad88fd6fcf08d08be178dfc620ab993d1eb90703c,DBatLoader,lowmal3,success,60/76,1757689170,1760249055,0,0,0,0,0,0,0,0,0,,2025-11-20T23:17:54.649637+00:00
c0de9777e20295b2bd83ebfbcb301de221b30ce723e0bae4c3cc013a232e5cc7,Vidar,iamaachum,success,0/76,1743788752,1763548481,0,0,0,0,0,0,0,0,0,,2025-11-20T23:18:28.836495+00:00
b137b67d9d570e4c1c8998a7ad2890e1f9c1376658b026fad61d9a79e288e8c1,GuLoader,smica83,success,31/76,1757882032,1762067138,0,0,0,0,0,0,0,0,0,,2025-11-20T23:19:01.908212+00:00
a610ef0e37af408aa49c7296d238796c57ac45aa8b0809ce72bc4d75b23fdf4f,AsyncRAT,GDHJDSYDH1,success,27/76,1759311518,1763665486,0,0,0,0,0,0,0,0,0,,2025-11-20T23:19:35.107538+00:00
a2003640721f7d056e296c6c84dd78308bbfd2ebf9cf615e7d39c86071414f02,5050,JAMESWT_WT,success,26/76,1679393832,1759988690,0,0,0,0,0,0,0,0,0,,2025-11-20T23:20:09.105688+00:00
3d9c975f79b08957f18c83aead4d31e37ee1939046f9f7b946ef8516293aa1f2,Tinba,hR0m454,success,65/76,1750532090,1762774119,0,0,0,0,0,0,0,0,0,,2025-11-20T23:20:41.741196+00:00
9b60ef3f360061599935dcbcf4aa96f13b4121f7ad88d5b8cea0cecabc2281a6,N-W0rm,TeamDreier,success,22/76,1647140128,1667812628,0,0,0,0,0,0,0,0,0,,2025-11-20T23:21:15.725572+00:00
8f8abfa6717ad2043a295d16b5aeeac3e7084b7994f6eec8351e18a9a3c59997,Gamaredon,e24111111154168,success,34/76,1712935558,1763188078,0,0,0,0,0,0,0,0,0,,2025-11-20T23:21:48.283866+00:00
38812a89fadd630ef909720c4b5437769769eb643e9a6e2bbb8d964ffa41cb4d,GoziGozi,NIXLovesCooper,success,25/78,1701497924,1721342391,0,0,0,0,0,0,0,0,0,,2025-11-20T23:22:21.272016+00:00
0a34ca695a121a9757c72fc0b78101eefba974896da6913d87c2a0575d15bc9f,IcedID,abuse_ch,success,28/76,1679643833,1735365961,0,0,0,0,0,0,0,0,0,,2025-11-20T23:22:53.776617+00:00
cbd4c6e8392f9fabb91d286ea1364aabe65ac86ffc177d2fd6a7990c971a9011,Expiro,cocaman,success,43/76,1754692086,1754902748,0,0,0,0,0,0,0,0,0,,2025-11-20T23:23:26.958857+00:00
297659c9c082dc0a4b302a2d13189c9f85b5795c79ca3526cbce006b29cb1690,AgentTesla,adrian__luca,success,53/76,1758596590,1760201839,0,0,0,0,0,0,0,0,0,,2025-11-20T23:23:59.752224+00:00
2874f19d385565b1c5d5e630163aef1d87280af5de2cba4a583ab683768df1f4,Emotet,zbetcheckin,success,51/76,1673981572,1763491839,0,0,0,0,0,0,0,0,0,,2025-11-20T23:24:33.324675+00:00
4fb203958dc23dba23634f6f5356931bfc221e22bed0a184cd73153fca697a51,Heodo,atomiczsec,success,41/76,1676042997,1754438495,0,0,0,0,0,0,0,0,0,,2025-11-20T23:25:06.084875+00:00
7d82104c8f7ee68dcc8d14cccd87f5414e8de08f252f4667482a75edda76926a,all_7_families,malware_traffic,success,42/76,1631562415,1754638979,0,0,0,0,0,0,0,0,0,,2025-11-20T23:25:38.723631+00:00
55c2b8273385d3a14d5fbcca6209a31a040238c656b7f45f217469f412d4e28c,TrickBot,abuse_ch,success,59/76,1632930812,1699315637,0,0,0,0,0,0,0,0,0,,2025-11-20T23:26:11.645046+00:00
7fb4c95a329b24e6ab6742747cf896ae5125599548d38388fcb887b3fb871339,Dridex,JAMESWT_WT,success,62/76,1647074012,1728360505,0,0,0,0,0,0,0,0,0,,2025-11-20T23:26:44.604225+00:00
68bd5e4a0955b5d2b89751532443e0c42ae2974d6fe9000fd4ae058a66e7240f,Loki,threatcat_ch,success,58/76,1746174671,1756451219,0,0,0,0,0,0,0,0,0,,2025-11-20T23:27:17.423013+00:00
